subject,session,trial,item,phase,time,stimEnc,stimRetrieval,pairedWords,cue,expectedAnswer,stim_pair,response_time,rec_success,recall,wordlist_number
M1012,0,0,0,ENCODING,1742508195982.9546,False,999,999,999,999,LA1_LA2,999,999,999,999
M1012,0,0,1,ENCODING,1742508201065.2449,False,999,999,999,999,LA1_LA2,999,999,999,999
M1012,0,0,2,ENCODING,1742508206074.5315,False,999,999,999,999,LA1_LA2,999,999,999,999
M1012,0,0,0,CUEDRECALL,1742508236916.2954,999,False,"['OAR', 'GOLD']",['OAR'],['GOLD'],LA1_LA2,2077.8004535147393,correct,GOLD,108
M1012,0,0,1,CUEDRECALL,1742508246023.8164,999,False,"['MOOSE', 'OWL']",['MOOSE'],['OWL'],LA1_LA2,1846.0997732426306,intrusion,SKUNK,224
M1012,0,0,2,CUEDRECALL,1742508255082.3345,999,False,"['SKUNK', 'RUST']",['SKUNK'],['RUST'],LA1_LA2,5483.673469387755,intrusion,OWL,168
M1012,0,0,0,RECOGNITION,1742508269574.1633,False,False,"['OWL', 'MOOSE']",['OWL'],old,LA1_LA2,1749.100341796875,hit,old,999
M1012,0,0,1,RECOGNITION,1742508276715.572,False,False,"['RUST', 'SKUNK']",['RUST'],old,LA1_LA2,3382.193115234375,hit,old,999
M1012,0,0,2,RECOGNITION,1742508283824.9783,False,False,"['GOLD', 'OAR']",['GOLD'],old,LA1_LA2,1373.078857421875,hit,old,999
M1012,0,0,3,RECOGNITION,1742508290895.3828,999,False,"['TREE', '']",['TREE'],new,LA1_LA2,979.055908203125,correct_rejection,new,999
M1012,0,0,4,RECOGNITION,1742508297904.7837,999,False,"['YARD', '']",['YARD'],new,LA1_LA2,982.056396484375,correct_rejection,new,999
M1012,0,0,5,RECOGNITION,1742508304986.189,999,False,"['PERCH', '']",['PERCH'],new,LA1_LA2,2077.11865234375,correct_rejection,new,999
M1012,0,1,0,ENCODING,1742508329048.5652,False,999,999,999,999,LA1_LA2,999,999,999,999
M1012,0,1,1,ENCODING,1742508334107.8542,False,999,999,999,999,LA1_LA2,999,999,999,999
M1012,0,1,2,ENCODING,1742508339064.138,False,999,999,999,999,LA1_LA2,999,999,999,999
M1012,0,1,0,CUEDRECALL,1742508366332.6975,999,True,"['STONE', 'STRAW']",['STONE'],['STRAW'],LA1_LA2,1463.1746031746031,correct,STRAW,261
M1012,0,1,1,CUEDRECALL,1742508375456.2197,999,True,"['SOAP', 'CLOTH']",['SOAP'],['CLOTH'],LA1_LA2,3624.195011337869,intrusion,STONE,257
M1012,0,1,2,CUEDRECALL,1742508384531.7385,999,True,"['SHELL', 'FARM']",['SHELL'],['FARM'],LA1_LA2,2853.197278911565,intrusion,SAD,-1
M1012,0,1,0,RECOGNITION,1742508397855.5007,999,True,"['KEY', '']",['KEY'],new,LA1_LA2,1929.1103515625,correct_rejection,new,999
M1012,0,1,1,RECOGNITION,1742508404915.9043,False,True,"['CLOTH', 'SOAP']",['CLOTH'],old,LA1_LA2,3528.2021484375,hit,old,999
M1012,0,1,2,RECOGNITION,1742508411991.309,False,True,"['FARM', 'SHELL']",['FARM'],old,LA1_LA2,2256.12939453125,hit,old,999
M1012,0,1,3,RECOGNITION,1742508419092.7156,False,True,"['STRAW', 'STONE']",['STRAW'],old,LA1_LA2,1155.06591796875,hit,old,999
M1012,0,1,4,RECOGNITION,1742508426235.124,999,True,"['BOWL', '']",['BOWL'],new,LA1_LA2,1230.070556640625,correct_rejection,new,999
M1012,0,1,5,RECOGNITION,1742508433299.5278,999,True,"['DART', '']",['DART'],new,LA1_LA2,973.0556640625,correct_rejection,new,999
M1012,0,2,0,ENCODING,1742508453041.6572,True,999,999,999,999,LA1_LA2,999,999,999,999
M1012,0,2,1,ENCODING,1742508458056.9438,True,999,999,999,999,LA1_LA2,999,999,999,999
M1012,0,2,2,ENCODING,1742508463040.229,True,999,999,999,999,LA1_LA2,999,999,999,999
M1012,0,2,0,CUEDRECALL,1742508497348.1914,999,False,"['COD', 'TENT']",['COD'],['TENT'],LA1_LA2,1346.8253968253969,correct,TENT,272
M1012,0,2,1,CUEDRECALL,1742508506444.7117,999,False,"['CLOWN', 'HILL']",['CLOWN'],['HILL'],LA1_LA2,1825.827664399093,correct,HILL,118
M1012,0,2,2,CUEDRECALL,1742508515523.2307,999,False,"['COIN', 'CHALK']",['COIN'],['CHALK'],LA1_LA2,1696.4172335600906,correct,CHALK,46
M1012,0,2,0,RECOGNITION,1742508528205.9565,999,False,"['SHARK', '']",['SHARK'],new,LA1_LA2,0.0,miss,old,999
M1012,0,2,1,RECOGNITION,1742508535246.3591,True,False,"['HILL', 'CLOWN']",['HILL'],old,LA1_LA2,1509.086181640625,hit,old,999
M1012,0,2,2,RECOGNITION,1742508542373.7668,999,False,"['SPONGE', '']",['SPONGE'],new,LA1_LA2,2964.16943359375,correct_rejection,new,999
M1012,0,2,3,RECOGNITION,1742508549416.1697,999,False,"['STEAK', '']",['STEAK'],new,LA1_LA2,1597.091064453125,correct_rejection,new,999
M1012,0,2,4,RECOGNITION,1742508556465.5728,True,False,"['CHALK', 'COIN']",['CHALK'],old,LA1_LA2,1582.090576171875,hit,old,999
M1012,0,2,5,RECOGNITION,1742508563580.9795,True,False,"['TENT', 'COD']",['TENT'],old,LA1_LA2,1699.09716796875,hit,old,999
M1012,0,3,0,ENCODING,1742508583647.1274,False,999,999,999,999,LA1_LA2,999,999,999,999
M1012,0,3,1,ENCODING,1742508588664.4143,False,999,999,999,999,LA1_LA2,999,999,999,999
M1012,0,3,2,ENCODING,1742508593685.7017,False,999,999,999,999,LA1_LA2,999,999,999,999
M1012,0,3,0,CUEDRECALL,1742508629355.7417,999,False,"['FOAM', 'SLIDE']",['FOAM'],['SLIDE'],LA1_LA2,4898.59410430839,correct,SLIDE,227
M1012,0,3,0,CUEDRECALL,1742508629355.7417,999,False,"['FOAM', 'SLIDE']",['FOAM'],['SLIDE'],LA1_LA2,3396.031746031746,correct,SHARK,214
M1012,0,3,0,CUEDRECALL,1742508629355.7417,999,False,"['FOAM', 'SLIDE']",['FOAM'],['SLIDE'],LA1_LA2,4656.009070294785,verbalization,<>,-1
M1012,0,3,1,CUEDRECALL,1742508638435.2612,999,False,"['SPHINX', 'BEAN']",['SPHINX'],['BEAN'],LA1_LA2,5189.569160997732,verbalization,<>,-1
M1012,0,3,1,CUEDRECALL,1742508638435.2612,999,False,"['SPHINX', 'BEAN']",['SPHINX'],['BEAN'],LA1_LA2,4189.569160997732,verbalization,<>,-1
M1012,0,3,2,CUEDRECALL,1742508647571.7834,999,False,"['PARK', 'POND']",['PARK'],['POND'],LA1_LA2,1570.4761904761906,correct,POND,185
M1012,0,3,0,RECOGNITION,1742508660113.501,False,False,"['POND', 'PARK']",['POND'],old,LA1_LA2,1493.08544921875,hit,old,999
M1012,0,3,1,RECOGNITION,1742508667141.9028,False,False,"['BEAN', 'SPHINX']",['BEAN'],old,LA1_LA2,3332.19091796875,false_alarm,new,999
M1012,0,3,2,RECOGNITION,1742508674263.3105,999,False,"['SLOPE', '']",['SLOPE'],new,LA1_LA2,4258.243408203125,correct_rejection,new,999
M1012,0,3,3,RECOGNITION,1742508681364.7163,False,False,"['SLIDE', 'FOAM']",['SLIDE'],old,LA1_LA2,1359.077880859375,hit,old,999
M1012,0,3,4,RECOGNITION,1742508688415.1199,999,False,"['SEA', '']",['SEA'],new,LA1_LA2,1441.082275390625,miss,old,999
M1012,0,3,5,RECOGNITION,1742508695513.5256,999,False,"['SMOG', '']",['SMOG'],new,LA1_LA2,1632.093505859375,miss,old,999
M1012,0,4,0,ENCODING,1742508714865.6326,True,999,999,999,999,LA1_LA2,999,999,999,999
M1012,0,4,1,ENCODING,1742508719835.9167,True,999,999,999,999,LA1_LA2,999,999,999,999
M1012,0,4,2,ENCODING,1742508724875.2053,True,999,999,999,999,LA1_LA2,999,999,999,999
M1012,0,4,0,CUEDRECALL,1742508752886.8071,999,False,"['BOMB', 'SUN']",['BOMB'],['SUN'],LA1_LA2,2480.249433106576,correct,SUN,265
M1012,0,4,1,CUEDRECALL,1742508761966.3267,999,False,"['SOCK', 'GUARD']",['SOCK'],['GUARD'],LA1_LA2,1881.7687074829932,intrusion,COURT,-1
M1012,0,4,2,CUEDRECALL,1742508771021.8447,999,False,"['CART', 'BRICK']",['CART'],['BRICK'],LA1_LA2,5658.662131519274,intrusion,BOMB,23
M1012,0,4,0,RECOGNITION,1742508783814.5764,True,False,"['BRICK', 'CART']",['BRICK'],old,LA1_LA2,2306.1318359375,hit,old,999
M1012,0,4,1,RECOGNITION,1742508790904.982,True,False,"['SUN', 'BOMB']",['SUN'],old,LA1_LA2,1341.07666015625,hit,old,999
M1012,0,4,2,RECOGNITION,1742508797914.3828,True,False,"['GUARD', 'SOCK']",['GUARD'],old,LA1_LA2,2881.16455078125,hit,old,999
M1012,0,4,3,RECOGNITION,1742508805062.7915,999,False,"['VAULT', '']",['VAULT'],new,LA1_LA2,1333.07666015625,correct_rejection,new,999
M1012,0,4,4,RECOGNITION,1742508812121.1953,999,False,"['STOOL', '']",['STOOL'],new,LA1_LA2,1999.1142578125,correct_rejection,new,999
M1012,0,4,5,RECOGNITION,1742508819137.597,999,False,"['BOOT', '']",['BOOT'],new,LA1_LA2,3431.19580078125,correct_rejection,new,999
M1012,0,5,0,ENCODING,1742508837925.6711,False,999,999,999,999,LA1_LA2,999,999,999,999
M1012,0,5,1,ENCODING,1742508842878.9546,False,999,999,999,999,LA1_LA2,999,999,999,999
M1012,0,5,2,ENCODING,1742508847879.2405,False,999,999,999,999,LA1_LA2,999,999,999,999
M1012,0,5,0,CUEDRECALL,1742508879836.0684,999,True,"['PEARL', 'JET']",['PEARL'],['JET'],LA1_LA2,1537.2562358276646,correct,JET,133
M1012,0,5,1,CUEDRECALL,1742508888915.5876,999,True,"['EEL', 'MULE']",['EEL'],['MULE'],LA1_LA2,1909.546485260771,correct,MULE,163
M1012,0,5,2,CUEDRECALL,1742508897965.1052,999,True,"['TOY', 'GRASS']",['TOY'],['GRASS'],LA1_LA2,1326.0544217687075,correct,GRASS,109
M1012,0,5,0,RECOGNITION,1742508909965.7917,False,True,"['GRASS', 'TOY']",['GRASS'],old,LA1_LA2,1388.079345703125,hit,old,999
M1012,0,5,1,RECOGNITION,1742508917016.195,False,True,"['JET', 'PEARL']",['JET'],old,LA1_LA2,1120.064208984375,hit,old,999
M1012,0,5,2,RECOGNITION,1742508924138.6025,999,True,"['ELF', '']",['ELF'],new,LA1_LA2,1914.109375,correct_rejection,new,999
M1012,0,5,3,RECOGNITION,1742508931112.0012,False,True,"['MULE', 'EEL']",['MULE'],old,LA1_LA2,1663.09521484375,hit,old,999
M1012,0,5,4,RECOGNITION,1742508938211.4072,999,True,"['HOOK', '']",['HOOK'],new,LA1_LA2,1367.078369140625,correct_rejection,new,999
M1012,0,5,5,RECOGNITION,1742508945303.813,999,True,"['SLUSH', '']",['SLUSH'],new,LA1_LA2,3224.1845703125,correct_rejection,new,999
M1012,0,6,0,ENCODING,1742508964695.9219,False,999,999,999,999,LA1_LA2,999,999,999,999
M1012,0,6,1,ENCODING,1742508969675.2068,False,999,999,999,999,LA1_LA2,999,999,999,999
M1012,0,6,2,ENCODING,1742508974725.4958,False,999,999,999,999,LA1_LA2,999,999,999,999
M1012,0,6,0,CUEDRECALL,1742509004820.217,999,True,"['CASH', 'MUG']",['CASH'],['MUG'],LA1_LA2,5434.557823129252,intrusion,MOLE,155
M1012,0,6,1,CUEDRECALL,1742509013975.741,999,True,"['SQUARE', 'BEAST']",['SQUARE'],['BEAST'],LA1_LA2,8016.575963718822,verbalization,<>,-1
M1012,0,6,2,CUEDRECALL,1742509023068.261,999,True,"['MOLE', 'SOUP']",['MOLE'],['SOUP'],LA1_LA2,2476.7573696145123,correct,SOUP,240
M1012,0,6,0,RECOGNITION,1742509035126.9504,False,True,"['BEAST', 'SQUARE']",['BEAST'],old,LA1_LA2,1759.100830078125,hit,old,999
M1012,0,6,1,RECOGNITION,1742509042203.3552,False,True,"['SOUP', 'MOLE']",['SOUP'],old,LA1_LA2,1191.068359375,hit,old,999
M1012,0,6,2,RECOGNITION,1742509049222.7568,False,True,"['MUG', 'CASH']",['MUG'],old,LA1_LA2,2045.116943359375,false_alarm,new,999
M1012,0,6,3,RECOGNITION,1742509056345.1643,999,True,"['CAVE', '']",['CAVE'],new,LA1_LA2,874.049560546875,miss,old,999
M1012,0,6,4,RECOGNITION,1742509063411.5684,999,True,"['LIP', '']",['LIP'],new,LA1_LA2,1774.1015625,correct_rejection,new,999
M1012,0,6,5,RECOGNITION,1742509070509.9744,999,True,"['VINE', '']",['VINE'],new,LA1_LA2,1567.089599609375,correct_rejection,new,999
M1012,0,7,0,ENCODING,1742509089855.0808,True,999,999,999,999,LA1_LA2,999,999,999,999
M1012,0,7,1,ENCODING,1742509094903.3696,True,999,999,999,999,LA1_LA2,999,999,999,999
M1012,0,7,2,ENCODING,1742509100004.6611,True,999,999,999,999,LA1_LA2,999,999,999,999
M1012,0,7,0,CUEDRECALL,1742509127927.2585,999,False,"['FORT', 'DEER']",['FORT'],['DEER'],LA1_LA2,4399.546485260771,correct,DEER,71
M1012,0,7,1,CUEDRECALL,1742509137059.7808,999,False,"['LOFT', 'TROUT']",['LOFT'],['TROUT'],LA1_LA2,8008.27664399093,verbalization,<>,-1
M1012,0,7,2,CUEDRECALL,1742509146061.2954,999,False,"['LODGE', 'HOLE']",['LODGE'],['HOLE'],LA1_LA2,8017.074829931973,verbalization,<>,-1
M1012,0,7,0,RECOGNITION,1742509159087.041,999,False,"['STAKE', '']",['STAKE'],new,LA1_LA2,2438.13916015625,correct_rejection,new,999
M1012,0,7,1,RECOGNITION,1742509166235.4495,True,False,"['TROUT', 'LOFT']",['TROUT'],old,LA1_LA2,2916.1669921875,hit,old,999
M1012,0,7,2,RECOGNITION,1742509173226.8494,True,False,"['HOLE', 'LODGE']",['HOLE'],old,LA1_LA2,3175.181640625,hit,old,999
M1012,0,7,3,RECOGNITION,1742509180361.2576,True,False,"['DEER', 'FORT']",['DEER'],old,LA1_LA2,1574.090087890625,hit,old,999
M1012,0,7,4,RECOGNITION,1742509187385.6592,999,False,"['CARD', '']",['CARD'],new,LA1_LA2,1891.1083984375,correct_rejection,new,999
M1012,0,7,5,RECOGNITION,1742509194543.0686,999,False,"['MUD', '']",['MUD'],new,LA1_LA2,1984.113525390625,correct_rejection,new,999
M1012,0,8,0,ENCODING,1742509213515.1538,False,999,999,999,999,LA1_LA2,999,999,999,999
M1012,0,8,1,ENCODING,1742509218444.4355,False,999,999,999,999,LA1_LA2,999,999,999,999
M1012,0,8,2,ENCODING,1742509223534.7268,False,999,999,999,999,LA1_LA2,999,999,999,999
M1012,0,8,0,CUEDRECALL,1742509255093.532,999,False,"['POOL', 'SKATE']",['POOL'],['SKATE'],LA1_LA2,1219.1836734693877,correct,SKATE,222
M1012,0,8,1,CUEDRECALL,1742509264227.0544,999,False,"['ARCH', 'FOOD']",['ARCH'],['FOOD'],LA1_LA2,2631.609977324263,verbalization,<>,-1
M1012,0,8,1,CUEDRECALL,1742509264227.0544,999,False,"['ARCH', 'FOOD']",['ARCH'],['FOOD'],LA1_LA2,2706.4399092970525,correct,FOOD,92
M1012,0,8,2,CUEDRECALL,1742509273311.574,999,False,"['BUSH', 'LAMP']",['BUSH'],['LAMP'],LA1_LA2,1242.81179138322,correct,LAMP,138
M1012,0,8,0,RECOGNITION,1742509285343.262,999,False,"['MOUTH', '']",['MOUTH'],new,LA1_LA2,1883.10791015625,correct_rejection,new,999
M1012,0,8,1,RECOGNITION,1742509292401.6658,False,False,"['LAMP', 'BUSH']",['LAMP'],old,LA1_LA2,1564.08935546875,hit,old,999
M1012,0,8,2,RECOGNITION,1742509299466.0698,False,False,"['FOOD', 'ARCH']",['FOOD'],old,LA1_LA2,1102.06298828125,hit,old,999
M1012,0,8,3,RECOGNITION,1742509306568.476,False,False,"['SKATE', 'POOL']",['SKATE'],old,LA1_LA2,969.055419921875,hit,old,999
M1012,0,8,4,RECOGNITION,1742509313684.883,999,False,"['STREET', '']",['STREET'],new,LA1_LA2,1917.10986328125,correct_rejection,new,999
M1012,0,8,5,RECOGNITION,1742509320697.2842,999,False,"['SLUG', '']",['SLUG'],new,LA1_LA2,1679.09619140625,correct_rejection,new,999
M1012,0,9,0,ENCODING,1742509339687.3704,False,999,999,999,999,LA1_LA2,999,999,999,999
M1012,0,9,1,ENCODING,1742509344764.661,False,999,999,999,999,LA1_LA2,999,999,999,999
M1012,0,9,2,ENCODING,1742509349796.9487,False,999,999,999,999,LA1_LA2,999,999,999,999
M1012,0,9,0,CUEDRECALL,1742509382251.805,999,True,"['WING', 'LAND']",['WING'],['LAND'],LA1_LA2,3616.7573696145128,intrusion,LAMB,-1
M1012,0,9,0,CUEDRECALL,1742509382251.805,999,True,"['WING', 'LAND']",['WING'],['LAND'],LA1_LA2,4619.183673469387,intrusion,LAMP,138
M1012,0,9,1,CUEDRECALL,1742509391418.3293,999,True,"['CUP', 'VEST']",['CUP'],['VEST'],LA1_LA2,4506.893424036281,intrusion,TEA,-1
M1012,0,9,2,CUEDRECALL,1742509400452.846,999,True,"['PEA', 'GLASS']",['PEA'],['GLASS'],LA1_LA2,971.4512471655329,correct,GLASS,104
M1012,0,9,0,RECOGNITION,1742509413266.5789,999,True,"['BROOM', '']",['BROOM'],new,LA1_LA2,1126.064453125,correct_rejection,new,999
M1012,0,9,1,RECOGNITION,1742509420342.9834,False,True,"['VEST', 'CUP']",['VEST'],old,LA1_LA2,1807.103759765625,hit,old,999
M1012,0,9,2,RECOGNITION,1742509427468.391,999,True,"['SHIP', '']",['SHIP'],new,LA1_LA2,1024.05859375,correct_rejection,new,999
M1012,0,9,3,RECOGNITION,1742509434500.7935,999,True,"['FROG', '']",['FROG'],new,LA1_LA2,1592.0908203125,correct_rejection,new,999
M1012,0,9,4,RECOGNITION,1742509441568.1975,False,True,"['GLASS', 'PEA']",['GLASS'],old,LA1_LA2,5015.286865234375,false_alarm,new,999
M1012,0,9,5,RECOGNITION,1742509448725.607,False,True,"['LAND', 'WING']",['LAND'],old,LA1_LA2,980.05615234375,hit,old,999
M1012,0,10,0,ENCODING,1742509467576.6853,True,999,999,999,999,LA1_LA2,999,999,999,999
M1012,0,10,1,ENCODING,1742509472567.9707,True,999,999,999,999,LA1_LA2,999,999,999,999
M1012,0,10,2,ENCODING,1742509477569.2568,True,999,999,999,999,LA1_LA2,999,999,999,999
M1012,0,10,0,CUEDRECALL,1742509506550.9143,999,False,"['CHEST', 'PLATE']",['CHEST'],['PLATE'],LA1_LA2,1308.0725623582766,correct,PLATE,183
M1012,0,10,1,CUEDRECALL,1742509515575.4307,999,False,"['CHEEK', 'PURSE']",['CHEEK'],['PURSE'],LA1_LA2,8016.575963718822,verbalization,<>,-1
M1012,0,10,2,CUEDRECALL,1742509524706.953,999,False,"['TOAD', 'FLEET']",['TOAD'],['FLEET'],LA1_LA2,1354.8979591836735,correct,FLEET,90
M1012,0,10,0,RECOGNITION,1742509537375.6775,True,False,"['PURSE', 'CHEEK']",['PURSE'],old,LA1_LA2,3360.192138671875,hit,old,999
M1012,0,10,1,RECOGNITION,1742509544451.0823,True,False,"['FLEET', 'TOAD']",['FLEET'],old,LA1_LA2,1724.0986328125,hit,old,999
M1012,0,10,2,RECOGNITION,1742509551509.4858,999,False,"['HEART', '']",['HEART'],new,LA1_LA2,1417.081298828125,correct_rejection,new,999
M1012,0,10,3,RECOGNITION,1742509558617.8926,True,False,"['PLATE', 'CHEST']",['PLATE'],old,LA1_LA2,1265.072265625,hit,old,999
M1012,0,10,4,RECOGNITION,1742509565705.2979,999,False,"['TOOL', '']",['TOOL'],new,LA1_LA2,1386.079345703125,correct_rejection,new,999
M1012,0,10,5,RECOGNITION,1742509572815.7046,999,False,"['BLUSH', '']",['BLUSH'],new,LA1_LA2,2092.11962890625,correct_rejection,new,999
M1012,0,11,0,ENCODING,1742509592000.802,False,999,999,999,999,LA1_LA2,999,999,999,999
M1012,0,11,1,ENCODING,1742509596936.0842,False,999,999,999,999,LA1_LA2,999,999,999,999
M1012,0,11,2,ENCODING,1742509602017.3748,False,999,999,999,999,LA1_LA2,999,999,999,999
M1012,0,11,0,CUEDRECALL,1742509634159.2134,999,False,"['PET', 'TRAY']",['PET'],['TRAY'],LA1_LA2,2868.140589569161,verbalization,<>,-1
M1012,0,11,1,CUEDRECALL,1742509643202.7305,999,False,"['STEM', 'LUNCH']",['STEM'],['LUNCH'],LA1_LA2,1442.2448979591838,correct,LUNCH,147
M1012,0,11,2,CUEDRECALL,1742509652341.2532,999,False,"['GLOBE', 'TOAST']",['GLOBE'],['TOAST'],LA1_LA2,1296.734693877551,correct,TOAST,280
M1012,0,11,0,RECOGNITION,1742509665725.0188,999,False,"['QUAIL', '']",['QUAIL'],new,LA1_LA2,1888.10791015625,correct_rejection,new,999
M1012,0,11,1,RECOGNITION,1742509672784.4224,False,False,"['TRAY', 'PET']",['TRAY'],old,LA1_LA2,2990.171142578125,hit,old,999
M1012,0,11,2,RECOGNITION,1742509679916.8303,999,False,"['HOOD', '']",['HOOD'],new,LA1_LA2,2625.150146484375,correct_rejection,new,999
M1012,0,11,3,RECOGNITION,1742509686975.2341,999,False,"['SPARK', '']",['SPARK'],new,LA1_LA2,1516.086669921875,correct_rejection,new,999
M1012,0,11,4,RECOGNITION,1742509694015.6367,False,False,"['LUNCH', 'STEM']",['LUNCH'],old,LA1_LA2,2092.11962890625,false_alarm,new,999
M1012,0,11,5,RECOGNITION,1742509701084.041,False,False,"['TOAST', 'GLOBE']",['TOAST'],old,LA1_LA2,1490.08544921875,hit,old,999
M1012,1,0,0,ENCODING,1742582412809.1729,True,999,999,999,999,LA1_LA2,999,999,999,999
M1012,1,0,1,ENCODING,1742582417874.4626,True,999,999,999,999,LA1_LA2,999,999,999,999
M1012,1,0,2,ENCODING,1742582422884.7493,True,999,999,999,999,LA1_LA2,999,999,999,999
M1012,1,0,0,CUEDRECALL,1742582453083.4763,999,False,"['MEAT', 'GREASE']",['MEAT'],['GREASE'],LA1_LA2,1579.2290249433108,correct,GREASE,110
M1012,1,0,1,CUEDRECALL,1742582462115.9932,999,False,"['RICE', 'THRONE']",['RICE'],['THRONE'],LA1_LA2,3142.0408163265306,correct,THRONE,275
M1012,1,0,2,CUEDRECALL,1742582471216.5137,999,False,"['HOSE', 'STORM']",['HOSE'],['STORM'],LA1_LA2,8016.71201814059,verbalization,<>,-1
M1012,1,0,0,RECOGNITION,1742582484091.25,True,False,"['THRONE', 'RICE']",['THRONE'],old,LA1_LA2,1226.070068359375,hit,old,999
M1012,1,0,1,RECOGNITION,1742582491107.6511,999,False,"['STICK', '']",['STICK'],new,LA1_LA2,3616.20703125,correct_rejection,new,999
M1012,1,0,2,RECOGNITION,1742582498249.0598,True,False,"['STORM', 'HOSE']",['STORM'],old,LA1_LA2,2218.126953125,false_alarm,new,999
M1012,1,0,3,RECOGNITION,1742582505291.4626,999,False,"['MAT', '']",['MAT'],new,LA1_LA2,1857.106201171875,correct_rejection,new,999
M1012,1,0,4,RECOGNITION,1742582512326.865,999,False,"['RAFT', '']",['RAFT'],new,LA1_LA2,1322.07568359375,correct_rejection,new,999
M1012,1,0,5,RECOGNITION,1742582519457.2727,True,False,"['GREASE', 'MEAT']",['GREASE'],old,LA1_LA2,1491.08544921875,hit,old,999
M1012,1,1,0,ENCODING,1742582538455.3594,False,999,999,999,999,LA1_LA2,999,999,999,999
M1012,1,1,1,ENCODING,1742582543446.6448,False,999,999,999,999,LA1_LA2,999,999,999,999
M1012,1,1,2,ENCODING,1742582548424.9297,False,999,999,999,999,LA1_LA2,999,999,999,999
M1012,1,1,0,CUEDRECALL,1742582576190.5178,999,False,"['TWIG', 'ROCK']",['TWIG'],['ROCK'],LA1_LA2,2724.988662131519,correct,ROCK,199
M1012,1,1,1,CUEDRECALL,1742582585301.0388,999,False,"['SPACE', 'TRASH']",['SPACE'],['TRASH'],LA1_LA2,4258.0952380952385,intrusion,TWIG,291
M1012,1,1,2,CUEDRECALL,1742582594375.5579,999,False,"['HORN', 'CHIN']",['HORN'],['CHIN'],LA1_LA2,2318.9569160997735,intrusion,SPACE,241
M1012,1,1,0,RECOGNITION,1742582606792.268,False,False,"['ROCK', 'TWIG']",['ROCK'],old,LA1_LA2,1357.07763671875,hit,old,999
M1012,1,1,1,RECOGNITION,1742582613915.6755,999,False,"['BOOK', '']",['BOOK'],new,LA1_LA2,1141.065185546875,correct_rejection,new,999
M1012,1,1,2,RECOGNITION,1742582620908.0757,False,False,"['CHIN', 'HORN']",['CHIN'],old,LA1_LA2,3698.21142578125,hit,old,999
M1012,1,1,3,RECOGNITION,1742582628015.482,999,False,"['TAIL', '']",['TAIL'],new,LA1_LA2,1482.084716796875,correct_rejection,new,999
M1012,1,1,4,RECOGNITION,1742582635073.8857,999,False,"['BAT', '']",['BAT'],new,LA1_LA2,2239.1279296875,correct_rejection,new,999
M1012,1,1,5,RECOGNITION,1742582642225.295,False,False,"['TRASH', 'SPACE']",['TRASH'],old,LA1_LA2,1882.107421875,hit,old,999
M1012,1,2,0,ENCODING,1742582661182.379,False,999,999,999,999,LA1_LA2,999,999,999,999
M1012,1,2,1,ENCODING,1742582666224.6672,False,999,999,999,999,LA1_LA2,999,999,999,999
M1012,1,2,2,ENCODING,1742582671281.957,False,999,999,999,999,LA1_LA2,999,999,999,999
M1012,1,2,0,CUEDRECALL,1742582701598.6907,999,True,"['ZOO', 'WAND']",['ZOO'],['WAND'],LA1_LA2,8016.71201814059,verbalization,<>,-1
M1012,1,2,1,CUEDRECALL,1742582710740.2136,999,True,"['JUDGE', 'HAT']",['JUDGE'],['HAT'],LA1_LA2,8016.326530612245,verbalization,<>,-1
M1012,1,2,2,CUEDRECALL,1742582719845.7344,999,True,"['CLAM', 'BRANCH']",['CLAM'],['BRANCH'],LA1_LA2,1822.6984126984128,correct,BRANCH,29
M1012,1,2,0,RECOGNITION,1742582732836.4775,False,True,"['WAND', 'ZOO']",['WAND'],old,LA1_LA2,4070.232666015625,hit,old,999
M1012,1,2,1,RECOGNITION,1742582739920.8828,999,True,"['ICE', '']",['ICE'],new,LA1_LA2,1277.07275390625,correct_rejection,new,999
M1012,1,2,2,RECOGNITION,1742582746992.287,False,True,"['BRANCH', 'CLAM']",['BRANCH'],old,LA1_LA2,1578.090087890625,hit,old,999
M1012,1,2,3,RECOGNITION,1742582754089.693,999,True,"['ROOT', '']",['ROOT'],new,LA1_LA2,1346.076904296875,correct_rejection,new,999
M1012,1,2,4,RECOGNITION,1742582761107.0942,999,True,"['WAVE', '']",['WAVE'],new,LA1_LA2,3182.18212890625,correct_rejection,new,999
M1012,1,2,5,RECOGNITION,1742582768181.499,False,True,"['HAT', 'JUDGE']",['HAT'],old,LA1_LA2,1638.09375,hit,old,999
M1012,1,3,0,ENCODING,1742582787114.582,False,999,999,999,999,LA1_LA2,999,999,999,999
M1012,1,3,1,ENCODING,1742582792157.8704,False,999,999,999,999,LA1_LA2,999,999,999,999
M1012,1,3,2,ENCODING,1742582797139.155,False,999,999,999,999,LA1_LA2,999,999,999,999
M1012,1,3,0,CUEDRECALL,1742582826375.8276,999,True,"['HOUSE', 'SPOOL']",['HOUSE'],['SPOOL'],LA1_LA2,1446.9614512471655,correct,SPOOL,246
M1012,1,3,1,CUEDRECALL,1742582835495.349,999,True,"['ARK', 'DOG']",['ARK'],['DOG'],LA1_LA2,1244.1043083900227,correct,DOG,75
M1012,1,3,2,CUEDRECALL,1742582844540.8665,999,True,"['STAR', 'RIB']",['STAR'],['RIB'],LA1_LA2,8016.462585034013,verbalization,<>,-1
M1012,1,3,0,RECOGNITION,1742582857856.628,999,True,"['PASTE', '']",['PASTE'],new,LA1_LA2,2054.11767578125,correct_rejection,new,999
M1012,1,3,1,RECOGNITION,1742582864931.033,False,True,"['RIB', 'STAR']",['RIB'],old,LA1_LA2,2192.125244140625,hit,old,999
M1012,1,3,2,RECOGNITION,1742582872064.4407,999,True,"['YACHT', '']",['YACHT'],new,LA1_LA2,1799.102783203125,correct_rejection,new,999
M1012,1,3,3,RECOGNITION,1742582879114.844,999,True,"['YOLK', '']",['YOLK'],new,LA1_LA2,1846.105712890625,correct_rejection,new,999
M1012,1,3,4,RECOGNITION,1742582886208.2498,False,True,"['SPOOL', 'HOUSE']",['SPOOL'],old,LA1_LA2,1314.074951171875,hit,old,999
M1012,1,3,5,RECOGNITION,1742582893189.6492,False,True,"['DOG', 'ARK']",['DOG'],old,LA1_LA2,1346.076904296875,hit,old,999
M1012,1,4,0,ENCODING,1742582913581.8154,False,999,999,999,999,LA1_LA2,999,999,999,999
M1012,1,4,1,ENCODING,1742582918536.0986,False,999,999,999,999,LA1_LA2,999,999,999,999
M1012,1,4,2,ENCODING,1742582923602.3887,False,999,999,999,999,LA1_LA2,999,999,999,999
M1012,1,4,0,CUEDRECALL,1742582968513.9575,999,False,"['STAIR', 'BANK']",['STAIR'],['BANK'],LA1_LA2,2964.263038548753,correct,BANK,8
M1012,1,4,1,CUEDRECALL,1742582977561.4749,999,False,"['MASK', 'BREAD']",['MASK'],['BREAD'],LA1_LA2,2855.895691609978,verbalization,<>,-1
M1012,1,4,1,CUEDRECALL,1742582977561.4749,999,False,"['MASK', 'BREAD']",['MASK'],['BREAD'],LA1_LA2,3855.895691609978,verbalization,<>,-1
M1012,1,4,2,CUEDRECALL,1742582986672.996,999,False,"['GOAL', 'SEED']",['GOAL'],['SEED'],LA1_LA2,8016.71201814059,verbalization,<>,-1
M1012,1,4,0,RECOGNITION,1742582999485.7288,999,False,"['RAIL', '']",['RAIL'],new,LA1_LA2,3018.172607421875,correct_rejection,new,999
M1012,1,4,1,RECOGNITION,1742583006495.13,False,False,"['BANK', 'STAIR']",['BANK'],old,LA1_LA2,1676.095703125,hit,old,999
M1012,1,4,2,RECOGNITION,1742583013640.5386,999,False,"['WRIST', '']",['WRIST'],new,LA1_LA2,3958.226318359375,correct_rejection,new,999
M1012,1,4,3,RECOGNITION,1742583020680.9412,999,False,"['HEDGE', '']",['HEDGE'],new,LA1_LA2,1216.069580078125,miss,old,999
M1012,1,4,4,RECOGNITION,1742583027764.3464,False,False,"['SEED', 'GOAL']",['SEED'],old,LA1_LA2,1857.10595703125,hit,old,999
M1012,1,4,5,RECOGNITION,1742583034829.7502,False,False,"['BREAD', 'MASK']",['BREAD'],old,LA1_LA2,1413.0810546875,hit,old,999
M1012,1,5,0,ENCODING,1742583053639.8264,True,999,999,999,999,LA1_LA2,999,999,999,999
M1012,1,5,1,ENCODING,1742583058638.1123,True,999,999,999,999,LA1_LA2,999,999,999,999
M1012,1,5,2,ENCODING,1742583063674.4004,True,999,999,999,999,LA1_LA2,999,999,999,999
M1012,1,5,0,CUEDRECALL,1742583093747.1204,999,False,"['LACE', 'WEED']",['LACE'],['WEED'],LA1_LA2,1107.3015873015872,correct,WEED,300
M1012,1,5,1,CUEDRECALL,1742583102887.643,999,False,"['THREAD', 'BAG']",['THREAD'],['BAG'],LA1_LA2,1259.5238095238094,correct,BAG,6
M1012,1,5,2,CUEDRECALL,1742583111926.1602,999,False,"['PIN', 'CAT']",['PIN'],['CAT'],LA1_LA2,8008.027210884354,verbalization,<>,-1
M1012,1,5,0,RECOGNITION,1742583124656.8884,999,False,"['CLIFF', '']",['CLIFF'],new,LA1_LA2,1469.083984375,correct_rejection,new,999
M1012,1,5,1,RECOGNITION,1742583131705.2915,True,False,"['WEED', 'LACE']",['WEED'],old,LA1_LA2,1087.06201171875,hit,old,999
M1012,1,5,2,RECOGNITION,1742583138838.6992,999,False,"['BATH', '']",['BATH'],new,LA1_LA2,2041.116943359375,correct_rejection,new,999
M1012,1,5,3,RECOGNITION,1742583145859.1008,999,False,"['SNAIL', '']",['SNAIL'],new,LA1_LA2,1754.100341796875,correct_rejection,new,999
M1012,1,5,4,RECOGNITION,1742583152965.5076,True,False,"['CAT', 'PIN']",['CAT'],old,LA1_LA2,1189.06787109375,hit,old,999
M1012,1,5,5,RECOGNITION,1742583159988.9092,True,False,"['BAG', 'THREAD']",['BAG'],old,LA1_LA2,4854.277587890625,hit,old,999
M1012,1,6,0,ENCODING,1742583178808.9856,False,999,999,999,999,LA1_LA2,999,999,999,999
M1012,1,6,1,ENCODING,1742583183838.2732,False,999,999,999,999,LA1_LA2,999,999,999,999
M1012,1,6,2,ENCODING,1742583188829.5588,False,999,999,999,999,LA1_LA2,999,999,999,999
M1012,1,6,0,CUEDRECALL,1742583220304.359,999,False,"['MAIL', 'CLAY']",['MAIL'],['CLAY'],LA1_LA2,1532.1315192743766,correct,CLAY,54
M1012,1,6,1,CUEDRECALL,1742583229432.881,999,False,"['BOY', 'SHIELD']",['BOY'],['SHIELD'],LA1_LA2,2288.1632653061224,correct,SHIELD,217
M1012,1,6,2,CUEDRECALL,1742583238483.399,999,False,"['PRINCE', 'TRENCH']",['PRINCE'],['TRENCH'],LA1_LA2,3840.408163265306,verbalization,<>,-1
M1012,1,6,2,CUEDRECALL,1742583238483.399,999,False,"['PRINCE', 'TRENCH']",['PRINCE'],['TRENCH'],LA1_LA2,4840.408163265306,verbalization,<>,-1
M1012,1,6,0,RECOGNITION,1742583251163.124,False,False,"['CLAY', 'MAIL']",['CLAY'],old,LA1_LA2,0.0,false_alarm,new,999
M1012,1,6,1,RECOGNITION,1742583258221.5276,999,False,"['POLE', '']",['POLE'],new,LA1_LA2,2576.1474609375,correct_rejection,new,999
M1012,1,6,2,RECOGNITION,1742583265372.9368,False,False,"['SHIELD', 'BOY']",['SHIELD'],old,LA1_LA2,1452.0830078125,hit,old,999
M1012,1,6,3,RECOGNITION,1742583272373.3372,999,False,"['DOCK', '']",['DOCK'],new,LA1_LA2,1502.0859375,miss,old,999
M1012,1,6,4,RECOGNITION,1742583279422.7405,999,False,"['SUIT', '']",['SUIT'],new,LA1_LA2,3839.219482421875,miss,old,999
M1012,1,6,5,RECOGNITION,1742583286522.1465,False,False,"['TRENCH', 'PRINCE']",['TRENCH'],old,LA1_LA2,3182.181884765625,hit,old,999
M1012,1,7,0,ENCODING,1742583305281.2195,False,999,999,999,999,LA1_LA2,999,999,999,999
M1012,1,7,1,ENCODING,1742583310262.5044,False,999,999,999,999,LA1_LA2,999,999,999,999
M1012,1,7,2,ENCODING,1742583315352.7954,False,999,999,999,999,LA1_LA2,999,999,999,999
M1012,1,7,0,CUEDRECALL,1742583347242.6196,999,True,"['KITE', 'MOON']",['KITE'],['MOON'],LA1_LA2,4515.850340136055,verbalization,<>,-1
M1012,1,7,0,CUEDRECALL,1742583347242.6196,999,True,"['KITE', 'MOON']",['KITE'],['MOON'],LA1_LA2,3515.8503401360545,verbalization,<>,-1
M1012,1,7,0,CUEDRECALL,1742583347242.6196,999,True,"['KITE', 'MOON']",['KITE'],['MOON'],LA1_LA2,2515.8503401360545,verbalization,<>,-1
M1012,1,7,1,CUEDRECALL,1742583356354.1406,999,True,"['SALT', 'RAKE']",['SALT'],['RAKE'],LA1_LA2,2419.8639455782313,correct,RAKE,194
M1012,1,7,2,CUEDRECALL,1742583365422.6592,999,True,"['HOOF', 'CANE']",['HOOF'],['CANE'],LA1_LA2,2808.4807256235827,verbalization,<>,-1
M1012,1,7,0,RECOGNITION,1742583377912.3735,False,True,"['RAKE', 'SALT']",['RAKE'],old,LA1_LA2,3041.174072265625,hit,old,999
M1012,1,7,1,RECOGNITION,1742583384970.7776,999,True,"['NAIL', '']",['NAIL'],new,LA1_LA2,1754.10009765625,miss,old,999
M1012,1,7,2,RECOGNITION,1742583392109.1858,False,True,"['CANE', 'HOOF']",['CANE'],old,LA1_LA2,1324.07568359375,hit,old,999
M1012,1,7,3,RECOGNITION,1742583399149.5884,999,True,"['EGG', '']",['EGG'],new,LA1_LA2,3075.17578125,correct_rejection,new,999
M1012,1,7,4,RECOGNITION,1742583406274.996,999,True,"['TANK', '']",['TANK'],new,LA1_LA2,3088.17626953125,correct_rejection,new,999
M1012,1,7,5,RECOGNITION,1742583413270.396,False,True,"['MOON', 'KITE']",['MOON'],old,LA1_LA2,1308.07470703125,hit,old,999
M1012,1,8,0,ENCODING,1742583430970.4084,True,999,999,999,999,LA1_LA2,999,999,999,999
M1012,1,8,1,ENCODING,1742583435991.6956,True,999,999,999,999,LA1_LA2,999,999,999,999
M1012,1,8,2,ENCODING,1742583441032.9841,True,999,999,999,999,LA1_LA2,999,999,999,999
M1012,1,8,0,CUEDRECALL,1742583471311.7158,999,False,"['FRUIT', 'WASP']",['FRUIT'],['WASP'],LA1_LA2,1565.7823129251701,correct,WASP,297
M1012,1,8,1,CUEDRECALL,1742583480433.2375,999,False,"['QUEEN', 'TILE']",['QUEEN'],['TILE'],LA1_LA2,2132.8798185941046,correct,TILE,278
M1012,1,8,2,CUEDRECALL,1742583489482.7551,999,False,"['THIEF', 'MARSH']",['THIEF'],['MARSH'],LA1_LA2,1332.9705215419501,correct,MARSH,150
M1012,1,8,0,RECOGNITION,1742583501784.459,True,False,"['MARSH', 'THIEF']",['MARSH'],old,LA1_LA2,735.041748046875,hit,old,999
M1012,1,8,1,RECOGNITION,1742583508907.866,999,False,"['DUST', '']",['DUST'],new,LA1_LA2,1223.06982421875,correct_rejection,new,999
M1012,1,8,2,RECOGNITION,1742583515995.2717,True,False,"['WASP', 'FRUIT']",['WASP'],old,LA1_LA2,1367.077880859375,hit,old,999
M1012,1,8,3,RECOGNITION,1742583522978.6711,999,False,"['SWAMP', '']",['SWAMP'],new,LA1_LA2,2267.12939453125,miss,old,999
M1012,1,8,4,RECOGNITION,1742583530087.0776,999,False,"['SCARF', '']",['SCARF'],new,LA1_LA2,2235.127685546875,correct_rejection,new,999
M1012,1,8,5,RECOGNITION,1742583537199.4844,True,False,"['TILE', 'QUEEN']",['TILE'],old,LA1_LA2,2131.121826171875,hit,old,999
M1012,1,9,0,ENCODING,1742583555707.543,False,999,999,999,999,LA1_LA2,999,999,999,999
M1012,1,9,1,ENCODING,1742583560706.8289,False,999,999,999,999,LA1_LA2,999,999,999,999
M1012,1,9,2,ENCODING,1742583565672.1128,False,999,999,999,999,LA1_LA2,999,999,999,999
M1012,1,9,0,CUEDRECALL,1742583596672.886,999,True,"['CRIB', 'CHILD']",['CRIB'],['CHILD'],LA1_LA2,2293.401360544218,intrusion,CLENCH,-1
M1012,1,9,1,CUEDRECALL,1742583605695.4019,999,True,"['PLANT', 'LINT']",['PLANT'],['LINT'],LA1_LA2,8020.975056689343,verbalization,<>,-1
M1012,1,9,2,CUEDRECALL,1742583614832.9248,999,True,"['APE', 'SCOTCH']",['APE'],['SCOTCH'],LA1_LA2,949.6825396825396,correct,SCOTCH,209
M1012,1,9,0,RECOGNITION,1742583628186.6885,False,True,"['SCOTCH', 'APE']",['SCOTCH'],old,LA1_LA2,2011.114990234375,hit,old,999
M1012,1,9,1,RECOGNITION,1742583635298.0952,999,True,"['GEESE', '']",['GEESE'],new,LA1_LA2,1325.075927734375,correct_rejection,new,999
M1012,1,9,2,RECOGNITION,1742583642350.4988,False,True,"['CHILD', 'CRIB']",['CHILD'],old,LA1_LA2,3618.206787109375,hit,old,999
M1012,1,9,3,RECOGNITION,1742583649442.9045,999,True,"['HUT', '']",['HUT'],new,LA1_LA2,1213.069091796875,miss,old,999
M1012,1,9,4,RECOGNITION,1742583656528.3096,999,True,"['BOARD', '']",['BOARD'],new,LA1_LA2,1700.097412109375,miss,old,999
M1012,1,9,5,RECOGNITION,1742583663648.7168,False,True,"['LINT', 'PLANT']",['LINT'],old,LA1_LA2,4652.265869140625,false_alarm,new,999
M1012,1,10,0,ENCODING,1742583682604.801,True,999,999,999,999,LA1_LA2,999,999,999,999
M1012,1,10,1,ENCODING,1742583687578.0857,True,999,999,999,999,LA1_LA2,999,999,999,999
M1012,1,10,2,ENCODING,1742583692628.3743,True,999,999,999,999,LA1_LA2,999,999,999,999
M1012,1,10,0,CUEDRECALL,1742583725029.2275,999,False,"['ROAD', 'COOK']",['ROAD'],['COOK'],LA1_LA2,1572.4943310657598,correct,COOK,62
M1012,1,10,1,CUEDRECALL,1742583734089.7458,999,False,"['BLADE', 'FILM']",['BLADE'],['FILM'],LA1_LA2,1544.5804988662132,correct,FILM,85
M1012,1,10,2,CUEDRECALL,1742583743147.264,999,False,"['BIRD', 'FRAME']",['BIRD'],['FRAME'],LA1_LA2,5119.546485260771,intrusion,FLAME,87
M1012,1,10,0,RECOGNITION,1742583755566.974,True,False,"['COOK', 'ROAD']",['COOK'],old,LA1_LA2,2197.1259765625,hit,old,999
M1012,1,10,1,RECOGNITION,1742583762615.3774,999,False,"['TART', '']",['TART'],new,LA1_LA2,1280.0732421875,correct_rejection,new,999
M1012,1,10,2,RECOGNITION,1742583769714.7837,True,False,"['FILM', 'BLADE']",['FILM'],old,LA1_LA2,1375.078369140625,hit,old,999
M1012,1,10,3,RECOGNITION,1742583776754.186,999,False,"['HOUND', '']",['HOUND'],new,LA1_LA2,1985.113525390625,correct_rejection,new,999
M1012,1,10,4,RECOGNITION,1742583783844.5916,999,False,"['BLOOM', '']",['BLOOM'],new,LA1_LA2,2136.122314453125,correct_rejection,new,999
M1012,1,10,5,RECOGNITION,1742583790888.9944,True,False,"['FRAME', 'BIRD']",['FRAME'],old,LA1_LA2,2452.140380859375,hit,old,999
M1012,1,11,0,ENCODING,1742583809656.068,False,999,999,999,999,LA1_LA2,999,999,999,999
M1012,1,11,1,ENCODING,1742583814739.359,False,999,999,999,999,LA1_LA2,999,999,999,999
M1012,1,11,2,ENCODING,1742583819756.6458,False,999,999,999,999,LA1_LA2,999,999,999,999
M1012,1,11,0,CUEDRECALL,1742583856542.7498,999,False,"['BADGE', 'MOUSE']",['BADGE'],['MOUSE'],LA1_LA2,2346.439909297052,correct,MOUSE,159
M1012,1,11,1,CUEDRECALL,1742583865652.2708,999,False,"['GIFT', 'CUBE']",['GIFT'],['CUBE'],LA1_LA2,4264.648526077098,intrusion,MOUSE,159
M1012,1,11,2,CUEDRECALL,1742583874788.793,999,False,"['LEAF', 'SNAKE']",['LEAF'],['SNAKE'],LA1_LA2,5557.142857142857,verbalization,<>,-1
M1012,1,11,2,CUEDRECALL,1742583874788.793,999,False,"['LEAF', 'SNAKE']",['LEAF'],['SNAKE'],LA1_LA2,2016.780045351474,verbalization,<>,-1
M1012,1,11,0,RECOGNITION,1742583887572.5244,False,False,"['MOUSE', 'BADGE']",['MOUSE'],old,LA1_LA2,2088.11962890625,hit,old,999
M1012,1,11,1,RECOGNITION,1742583894670.9304,999,False,"['BEEF', '']",['BEEF'],new,LA1_LA2,1543.08837890625,correct_rejection,new,999
M1012,1,11,2,RECOGNITION,1742583901713.333,False,False,"['SNAKE', 'LEAF']",['SNAKE'],old,LA1_LA2,3083.176513671875,false_alarm,new,999
M1012,1,11,3,RECOGNITION,1742583908864.7424,999,False,"['OX', '']",['OX'],new,LA1_LA2,1040.0595703125,miss,old,999
M1012,1,11,4,RECOGNITION,1742583915906.145,999,False,"['SPRING', '']",['SPRING'],new,LA1_LA2,3365.1923828125,correct_rejection,new,999
M1012,1,11,5,RECOGNITION,1742583922979.5496,False,False,"['CUBE', 'GIFT']",['CUBE'],old,LA1_LA2,1372.078857421875,hit,old,999
M1012,2,0,0,ENCODING,1742679058206.1091,False,999,999,999,999,LA1_LA2,999,999,999,999
M1012,2,0,1,ENCODING,1742679063238.397,False,999,999,999,999,LA1_LA2,999,999,999,999
M1012,2,0,2,ENCODING,1742679068197.6804,False,999,999,999,999,LA1_LA2,999,999,999,999
M1012,2,0,0,CUEDRECALL,1742679095985.2698,999,False,"['SHIELD', 'GOAL']",['SHIELD'],['GOAL'],LA1_LA2,3339.251700680272,intrusion,TRAY,286
M1012,2,0,1,CUEDRECALL,1742679105062.789,999,False,"['WAND', 'TRAY']",['WAND'],['TRAY'],LA1_LA2,3745.5102040816328,intrusion,WOUND,-1
M1012,2,0,1,CUEDRECALL,1742679105062.789,999,False,"['WAND', 'TRAY']",['WAND'],['TRAY'],LA1_LA2,3122.5170068027214,intrusion,WAND,296
M1012,2,0,2,CUEDRECALL,1742679114164.3096,999,False,"['GLOVE', 'TOWN']",['GLOVE'],['TOWN'],LA1_LA2,8015.963718820862,verbalization,<>,-1
M1012,2,0,0,RECOGNITION,1742679126017.9875,999,False,"['SEAT', '']",['SEAT'],new,LA1_LA2,2936.168212890625,correct_rejection,new,999
M1012,2,0,1,RECOGNITION,1742679133021.3882,False,False,"['TOWN', 'GLOVE']",['TOWN'],old,LA1_LA2,1651.09423828125,hit,old,999
M1012,2,0,2,RECOGNITION,1742679140162.7964,False,False,"['TRAY', 'WAND']",['TRAY'],old,LA1_LA2,1149.066162109375,hit,old,999
M1012,2,0,3,RECOGNITION,1742679147271.2034,False,False,"['GOAL', 'SHIELD']",['GOAL'],old,LA1_LA2,1051.059814453125,hit,old,999
M1012,2,0,4,RECOGNITION,1742679154270.6038,999,False,"['MOOSE', '']",['MOOSE'],new,LA1_LA2,1792.102294921875,correct_rejection,new,999
M1012,2,0,5,RECOGNITION,1742679161422.0125,999,False,"['SPARK', '']",['SPARK'],new,LA1_LA2,1924.1103515625,correct_rejection,new,999
M1012,2,1,0,ENCODING,1742679180339.0947,True,999,999,999,999,LA1_LA2,999,999,999,999
M1012,2,1,1,ENCODING,1742679185354.3816,True,999,999,999,999,LA1_LA2,999,999,999,999
M1012,2,1,2,ENCODING,1742679190378.6687,True,999,999,999,999,LA1_LA2,999,999,999,999
M1012,2,1,0,CUEDRECALL,1742679223528.5647,999,False,"['SOUP', 'STONE']",['SOUP'],['STONE'],LA1_LA2,2180.498866213152,intrusion,CLOTH,57
M1012,2,1,1,CUEDRECALL,1742679232661.0872,999,False,"['BRUSH', 'TART']",['BRUSH'],['TART'],LA1_LA2,3003.7414965986395,correct,TART,270
M1012,2,1,2,CUEDRECALL,1742679241704.6045,999,False,"['BENCH', 'CLOTH']",['BENCH'],['CLOTH'],LA1_LA2,8016.099773242631,verbalization,<>,-1
M1012,2,1,0,RECOGNITION,1742679254737.35,True,False,"['STONE', 'SOUP']",['STONE'],old,LA1_LA2,4306.24609375,false_alarm,new,999
M1012,2,1,1,RECOGNITION,1742679261820.7551,999,False,"['HOOD', '']",['HOOD'],new,LA1_LA2,1006.057373046875,miss,old,999
M1012,2,1,2,RECOGNITION,1742679268953.1628,999,False,"['RAT', '']",['RAT'],new,LA1_LA2,1435.082275390625,correct_rejection,new,999
M1012,2,1,3,RECOGNITION,1742679275954.5637,999,False,"['CHURCH', '']",['CHURCH'],new,LA1_LA2,2399.13720703125,correct_rejection,new,999
M1012,2,1,4,RECOGNITION,1742679283104.9724,True,False,"['CLOTH', 'BENCH']",['CLOTH'],old,LA1_LA2,931.05322265625,hit,old,999
M1012,2,1,5,RECOGNITION,1742679290170.3765,True,False,"['TART', 'BRUSH']",['TART'],old,LA1_LA2,1141.0654296875,hit,old,999
M1012,2,2,0,ENCODING,1742679309311.4714,False,999,999,999,999,LA1_LA2,999,999,999,999
M1012,2,2,1,ENCODING,1742679314353.7598,False,999,999,999,999,LA1_LA2,999,999,999,999
M1012,2,2,2,ENCODING,1742679319320.0437,False,999,999,999,999,LA1_LA2,999,999,999,999
M1012,2,2,0,CUEDRECALL,1742679348326.703,999,True,"['SHOE', 'SUN']",['SHOE'],['SUN'],LA1_LA2,4353.1292517006805,verbalization,<>,-1
M1012,2,2,1,CUEDRECALL,1742679357480.2266,999,True,"['NAIL', 'MAP']",['NAIL'],['MAP'],LA1_LA2,1596.4625850340137,correct,MAP,149
M1012,2,2,2,CUEDRECALL,1742679366570.7463,999,True,"['BEAN', 'DUST']",['BEAN'],['DUST'],LA1_LA2,2897.936507936508,verbalization,<>,-1
M1012,2,2,2,CUEDRECALL,1742679366570.7463,999,True,"['BEAN', 'DUST']",['BEAN'],['DUST'],LA1_LA2,1897.936507936508,verbalization,<>,-1
M1012,2,2,0,RECOGNITION,1742679381686.6108,999,True,"['ZOO', '']",['ZOO'],new,LA1_LA2,2029.1162109375,correct_rejection,new,999
M1012,2,2,1,RECOGNITION,1742679388720.0132,999,True,"['RUST', '']",['RUST'],new,LA1_LA2,2658.152099609375,miss,old,999
M1012,2,2,2,RECOGNITION,1742679395845.421,False,True,"['SUN', 'SHOE']",['SUN'],old,LA1_LA2,2458.140625,false_alarm,new,999
M1012,2,2,3,RECOGNITION,1742679402919.8254,999,True,"['BOMB', '']",['BOMB'],new,LA1_LA2,3079.176025390625,correct_rejection,new,999
M1012,2,2,4,RECOGNITION,1742679409991.23,False,True,"['DUST', 'BEAN']",['DUST'],old,LA1_LA2,2349.134521484375,hit,old,999
M1012,2,2,5,RECOGNITION,1742679417069.635,False,True,"['MAP', 'NAIL']",['MAP'],old,LA1_LA2,1441.08203125,hit,old,999
M1012,2,3,0,ENCODING,1742679436366.7383,False,999,999,999,999,LA1_LA2,999,999,999,999
M1012,2,3,1,ENCODING,1742679441409.0269,False,999,999,999,999,LA1_LA2,999,999,999,999
M1012,2,3,2,ENCODING,1742679446362.3103,False,999,999,999,999,LA1_LA2,999,999,999,999
M1012,2,3,0,CUEDRECALL,1742679479845.2253,999,False,"['STORE', 'MASK']",['STORE'],['MASK'],LA1_LA2,2301.156462585034,verbalization,<>,-1
M1012,2,3,1,CUEDRECALL,1742679488915.7444,999,False,"['POLE', 'WORM']",['POLE'],['WORM'],LA1_LA2,2998.7528344671205,intrusion,DANCE,-1
M1012,2,3,1,CUEDRECALL,1742679488915.7444,999,False,"['POLE', 'WORM']",['POLE'],['WORM'],LA1_LA2,4968.390022675737,intrusion,DANCE,-1
M1012,2,3,2,CUEDRECALL,1742679497941.2603,999,False,"['CASH', 'TAIL']",['CASH'],['TAIL'],LA1_LA2,3823.6281179138323,intrusion,POLE,184
M1012,2,3,0,RECOGNITION,1742679511394.03,False,False,"['WORM', 'POLE']",['WORM'],old,LA1_LA2,2207.1259765625,false_alarm,new,999
M1012,2,3,1,RECOGNITION,1742679518455.4336,False,False,"['TAIL', 'CASH']",['TAIL'],old,LA1_LA2,1195.068359375,hit,old,999
M1012,2,3,2,RECOGNITION,1742679525581.8413,False,False,"['MASK', 'STORE']",['MASK'],old,LA1_LA2,4033.230712890625,false_alarm,new,999
M1012,2,3,3,RECOGNITION,1742679532621.244,999,False,"['DITCH', '']",['DITCH'],new,LA1_LA2,4029.23046875,correct_rejection,new,999
M1012,2,3,4,RECOGNITION,1742679539704.6492,999,False,"['BAG', '']",['BAG'],new,LA1_LA2,2081.119140625,correct_rejection,new,999
M1012,2,3,5,RECOGNITION,1742679546752.0522,999,False,"['THRONE', '']",['THRONE'],new,LA1_LA2,1284.073486328125,miss,old,999
M1012,2,4,0,ENCODING,1742679646351.749,False,999,999,999,999,LA1_LA2,999,999,999,999
M1012,2,4,1,ENCODING,1742679651369.036,False,999,999,999,999,LA1_LA2,999,999,999,999
M1012,2,4,2,ENCODING,1742679656377.3225,False,999,999,999,999,LA1_LA2,999,999,999,999
M1012,2,4,0,CUEDRECALL,1742679688533.1616,999,True,"['THUMB', 'LAND']",['THUMB'],['LAND'],LA1_LA2,1823.718820861678,intrusion,NAIL,164
M1012,2,4,1,CUEDRECALL,1742679697677.6848,999,True,"['BLADE', 'SEAL']",['BLADE'],['SEAL'],LA1_LA2,2391.746031746032,verbalization,<>,-1
M1012,2,4,1,CUEDRECALL,1742679697677.6848,999,True,"['BLADE', 'SEAL']",['BLADE'],['SEAL'],LA1_LA2,5391.746031746032,verbalization,<>,-1
M1012,2,4,1,CUEDRECALL,1742679697677.6848,999,True,"['BLADE', 'SEAL']",['BLADE'],['SEAL'],LA1_LA2,4391.746031746032,verbalization,<>,-1
M1012,2,4,1,CUEDRECALL,1742679697677.6848,999,True,"['BLADE', 'SEAL']",['BLADE'],['SEAL'],LA1_LA2,3391.746031746032,verbalization,<>,-1
M1012,2,4,2,CUEDRECALL,1742679706725.2021,999,True,"['QUEEN', 'MOUSE']",['QUEEN'],['MOUSE'],LA1_LA2,1496.8480725623583,correct,MOUSE,159
M1012,2,4,0,RECOGNITION,1742679721744.0613,False,True,"['MOUSE', 'QUEEN']",['MOUSE'],old,LA1_LA2,2324.132568359375,hit,old,999
M1012,2,4,1,RECOGNITION,1742679728769.4631,999,True,"['APE', '']",['APE'],new,LA1_LA2,949.05419921875,correct_rejection,new,999
M1012,2,4,2,RECOGNITION,1742679735895.8706,999,True,"['CORD', '']",['CORD'],new,LA1_LA2,1576.090087890625,correct_rejection,new,999
M1012,2,4,3,RECOGNITION,1742679742978.2756,999,True,"['TIE', '']",['TIE'],new,LA1_LA2,1535.087890625,correct_rejection,new,999
M1012,2,4,4,RECOGNITION,1742679750018.6785,False,True,"['SEAL', 'BLADE']",['SEAL'],old,LA1_LA2,2775.158935546875,hit,old,999
M1012,2,4,5,RECOGNITION,1742679757086.0828,False,True,"['LAND', 'THUMB']",['LAND'],old,LA1_LA2,2457.140380859375,false_alarm,new,999
M1012,2,5,0,ENCODING,1742679775752.1504,True,999,999,999,999,LA1_LA2,999,999,999,999
M1012,2,5,1,ENCODING,1742679780762.4368,True,999,999,999,999,LA1_LA2,999,999,999,999
M1012,2,5,2,ENCODING,1742679785755.7222,True,999,999,999,999,LA1_LA2,999,999,999,999
M1012,2,5,0,CUEDRECALL,1742679814524.3682,999,False,"['DOCK', 'PEA']",['DOCK'],['PEA'],LA1_LA2,8016.575963718822,verbalization,<>,-1
M1012,2,5,1,CUEDRECALL,1742679823654.8904,999,False,"['BIRD', 'TOOL']",['BIRD'],['TOOL'],LA1_LA2,3149.2743764172337,intrusion,KNOCK,-1
M1012,2,5,2,CUEDRECALL,1742679832689.407,999,False,"['THREAD', 'CHIN']",['THREAD'],['CHIN'],LA1_LA2,1876.1904761904761,intrusion,BLAVEL,-1
M1012,2,5,0,RECOGNITION,1742679845575.144,999,False,"['SKUNK', '']",['SKUNK'],new,LA1_LA2,2008.11474609375,correct_rejection,new,999
M1012,2,5,1,RECOGNITION,1742679852654.5488,999,False,"['CUP', '']",['CUP'],new,LA1_LA2,201.011474609375,miss,old,999
M1012,2,5,2,RECOGNITION,1742679859713.9526,True,False,"['TOOL', 'BIRD']",['TOOL'],old,LA1_LA2,1770.1015625,hit,old,999
M1012,2,5,3,RECOGNITION,1742679866777.3567,999,False,"['HEDGE', '']",['HEDGE'],new,LA1_LA2,2036.116455078125,correct_rejection,new,999
M1012,2,5,4,RECOGNITION,1742679873846.761,True,False,"['PEA', 'DOCK']",['PEA'],old,LA1_LA2,1807.103515625,hit,old,999
M1012,2,5,5,RECOGNITION,1742679880910.165,True,False,"['CHIN', 'THREAD']",['CHIN'],old,LA1_LA2,1461.08349609375,hit,old,999
M1012,2,6,0,ENCODING,1742679899755.243,False,999,999,999,999,LA1_LA2,999,999,999,999
M1012,2,6,1,ENCODING,1742679904738.528,False,999,999,999,999,LA1_LA2,999,999,999,999
M1012,2,6,2,ENCODING,1742679909754.815,False,999,999,999,999,LA1_LA2,999,999,999,999
M1012,2,6,0,CUEDRECALL,1742679940063.5483,999,False,"['TWIG', 'CHILD']",['TWIG'],['CHILD'],LA1_LA2,1677.6643990929706,correct,CHILD,50
M1012,2,6,1,CUEDRECALL,1742679949097.065,999,False,"['LOFT', 'SCOTCH']",['LOFT'],['SCOTCH'],LA1_LA2,1919.5011337868482,correct,SCOTCH,209
M1012,2,6,2,CUEDRECALL,1742679958171.584,999,False,"['STAKE', 'SMOG']",['STAKE'],['SMOG'],LA1_LA2,1258.1632653061226,correct,SMOG,233
M1012,2,6,0,RECOGNITION,1742679971137.3254,999,False,"['WHEEL', '']",['WHEEL'],new,LA1_LA2,1508.08642578125,correct_rejection,new,999
M1012,2,6,1,RECOGNITION,1742679978170.728,999,False,"['COIN', '']",['COIN'],new,LA1_LA2,1175.067138671875,correct_rejection,new,999
M1012,2,6,2,RECOGNITION,1742679985247.1328,False,False,"['SMOG', 'STAKE']",['SMOG'],old,LA1_LA2,1390.079345703125,hit,old,999
M1012,2,6,3,RECOGNITION,1742679992381.5408,999,False,"['INN', '']",['INN'],new,LA1_LA2,4037.230712890625,correct_rejection,new,999
M1012,2,6,4,RECOGNITION,1742679999441.9446,False,False,"['SCOTCH', 'LOFT']",['SCOTCH'],old,LA1_LA2,1184.067626953125,hit,old,999
M1012,2,6,5,RECOGNITION,1742680006547.3508,False,False,"['CHILD', 'TWIG']",['CHILD'],old,LA1_LA2,4522.2587890625,hit,old,999
M1012,2,7,0,ENCODING,1742680024778.3938,True,999,999,999,999,LA1_LA2,999,999,999,999
M1012,2,7,1,ENCODING,1742680029759.679,True,999,999,999,999,LA1_LA2,999,999,999,999
M1012,2,7,2,ENCODING,1742680034783.966,True,999,999,999,999,LA1_LA2,999,999,999,999
M1012,2,7,0,CUEDRECALL,1742680064180.6475,999,False,"['MUG', 'BROOM']",['MUG'],['BROOM'],LA1_LA2,1557.0068027210884,correct,BROOM,34
M1012,2,7,1,CUEDRECALL,1742680073270.167,999,False,"['TRIBE', 'CAGE']",['TRIBE'],['CAGE'],LA1_LA2,2978.934240362812,intrusion,ICE,128
M1012,2,7,2,CUEDRECALL,1742680082268.682,999,False,"['ICE', 'BUG']",['ICE'],['BUG'],LA1_LA2,1750.1587301587304,intrusion,CAGE,38
M1012,2,7,0,RECOGNITION,1742680094201.3645,True,False,"['CAGE', 'TRIBE']",['CAGE'],old,LA1_LA2,1791.1025390625,hit,old,999
M1012,2,7,1,RECOGNITION,1742680101278.7693,True,False,"['BROOM', 'MUG']",['BROOM'],old,LA1_LA2,1008.057861328125,hit,old,999
M1012,2,7,2,RECOGNITION,1742680108321.172,True,False,"['BUG', 'ICE']",['BUG'],old,LA1_LA2,2325.133056640625,hit,old,999
M1012,2,7,3,RECOGNITION,1742680115400.5774,999,False,"['MARSH', '']",['MARSH'],new,LA1_LA2,1778.101318359375,correct_rejection,new,999
M1012,2,7,4,RECOGNITION,1742680122453.9805,999,False,"['CLAY', '']",['CLAY'],new,LA1_LA2,2366.13525390625,correct_rejection,new,999
M1012,2,7,5,RECOGNITION,1742680129527.3853,999,False,"['SMOKE', '']",['SMOKE'],new,LA1_LA2,2331.133056640625,correct_rejection,new,999
M1012,2,8,0,ENCODING,1742680147912.4365,False,999,999,999,999,LA1_LA2,999,999,999,999
M1012,2,8,1,ENCODING,1742680152953.725,False,999,999,999,999,LA1_LA2,999,999,999,999
M1012,2,8,2,ENCODING,1742680157986.0127,False,999,999,999,999,LA1_LA2,999,999,999,999
M1012,2,8,0,CUEDRECALL,1742680190598.878,999,True,"['TOAST', 'HILL']",['TOAST'],['HILL'],LA1_LA2,2341.8820861678005,correct,HILL,118
M1012,2,8,1,CUEDRECALL,1742680199618.3938,999,True,"['WAVE', 'BOARD']",['WAVE'],['BOARD'],LA1_LA2,1333.9455782312925,correct,BOARD,22
M1012,2,8,2,CUEDRECALL,1742680208678.9124,999,True,"['CLOWN', 'PEARL']",['CLOWN'],['PEARL'],LA1_LA2,1743.265306122449,correct,PEARL,175
M1012,2,8,0,RECOGNITION,1742680220628.5957,False,True,"['BOARD', 'WAVE']",['BOARD'],old,LA1_LA2,1717.098388671875,hit,old,999
M1012,2,8,1,RECOGNITION,1742680227668.9985,False,True,"['PEARL', 'CLOWN']",['PEARL'],old,LA1_LA2,1233.070556640625,hit,old,999
M1012,2,8,2,RECOGNITION,1742680234736.4028,False,True,"['HILL', 'TOAST']",['HILL'],old,LA1_LA2,2100.119873046875,hit,old,999
M1012,2,8,3,RECOGNITION,1742680241844.8093,999,True,"['CROSS', '']",['CROSS'],new,LA1_LA2,1991.11376953125,correct_rejection,new,999
M1012,2,8,4,RECOGNITION,1742680248945.2156,999,True,"['ROOT', '']",['ROOT'],new,LA1_LA2,4766.2724609375,miss,old,999
M1012,2,8,5,RECOGNITION,1742680256011.6196,999,True,"['BLUSH', '']",['BLUSH'],new,LA1_LA2,1578.090087890625,correct_rejection,new,999
M1012,2,9,0,ENCODING,1742680274760.692,False,999,999,999,999,LA1_LA2,999,999,999,999
M1012,2,9,1,ENCODING,1742680279737.9766,False,999,999,999,999,LA1_LA2,999,999,999,999
M1012,2,9,2,ENCODING,1742680284786.2654,False,999,999,999,999,LA1_LA2,999,999,999,999
M1012,2,9,0,CUEDRECALL,1742680315358.0142,999,True,"['CAPE', 'GREASE']",['CAPE'],['GREASE'],LA1_LA2,3471.7913832199547,correct,GREASE,110
M1012,2,9,1,CUEDRECALL,1742680324466.535,999,True,"['TENT', 'BARN']",['TENT'],['BARN'],LA1_LA2,2892.108843537415,correct,BARN,10
M1012,2,9,2,CUEDRECALL,1742680333500.0515,999,True,"['GATE', 'WORLD']",['GATE'],['WORLD'],LA1_LA2,2885.011337868481,intrusion,TREAT,-1
M1012,2,9,0,RECOGNITION,1742680346152.7754,999,True,"['KEY', '']",['KEY'],new,LA1_LA2,2466.14111328125,correct_rejection,new,999
M1012,2,9,1,RECOGNITION,1742680353194.1782,False,True,"['WORLD', 'GATE']",['WORLD'],old,LA1_LA2,2091.119384765625,false_alarm,new,999
M1012,2,9,2,RECOGNITION,1742680360294.5842,False,True,"['BARN', 'TENT']",['BARN'],old,LA1_LA2,1216.0693359375,hit,old,999
M1012,2,9,3,RECOGNITION,1742680367418.9915,False,True,"['GREASE', 'CAPE']",['GREASE'],old,LA1_LA2,1131.06494140625,hit,old,999
M1012,2,9,4,RECOGNITION,1742680374437.393,999,True,"['FLAME', '']",['FLAME'],new,LA1_LA2,3831.218994140625,correct_rejection,new,999
M1012,2,9,5,RECOGNITION,1742680381588.802,999,True,"['INK', '']",['INK'],new,LA1_LA2,1713.097900390625,correct_rejection,new,999
M1012,2,10,0,ENCODING,1742680400952.9097,True,999,999,999,999,LA1_LA2,999,999,999,999
M1012,2,10,1,ENCODING,1742680405944.1953,True,999,999,999,999,LA1_LA2,999,999,999,999
M1012,2,10,2,ENCODING,1742680411002.4844,True,999,999,999,999,LA1_LA2,999,999,999,999
M1012,2,10,0,CUEDRECALL,1742680442927.3105,999,False,"['HOLE', 'SNAKE']",['HOLE'],['SNAKE'],LA1_LA2,1840.0680272108846,correct,SNAKE,237
M1012,2,10,1,CUEDRECALL,1742680451985.8286,999,False,"['FAN', 'SCHOOL']",['FAN'],['SCHOOL'],LA1_LA2,1521.3378684807258,correct,SCHOOL,208
M1012,2,10,2,CUEDRECALL,1742680461094.3496,999,False,"['NET', 'HUT']",['NET'],['HUT'],LA1_LA2,1588.8662131519275,correct,HUT,127
M1012,2,10,0,RECOGNITION,1742680472654.0107,999,False,"['SPRING', '']",['SPRING'],new,LA1_LA2,1414.080810546875,correct_rejection,new,999
M1012,2,10,1,RECOGNITION,1742680479752.4167,True,False,"['SCHOOL', 'FAN']",['SCHOOL'],old,LA1_LA2,566.032470703125,hit,old,999
M1012,2,10,2,RECOGNITION,1742680486884.8247,True,False,"['HUT', 'NET']",['HUT'],old,LA1_LA2,1208.069091796875,hit,old,999
M1012,2,10,3,RECOGNITION,1742680493913.2268,True,False,"['SNAKE', 'HOLE']",['SNAKE'],old,LA1_LA2,2046.1171875,hit,old,999
M1012,2,10,4,RECOGNITION,1742680500985.6313,999,False,"['STRING', '']",['STRING'],new,LA1_LA2,2949.16845703125,correct_rejection,new,999
M1012,2,10,5,RECOGNITION,1742680508101.0383,999,False,"['OWL', '']",['OWL'],new,LA1_LA2,4534.25927734375,correct_rejection,new,999
M1012,2,11,0,ENCODING,1742680526218.0742,False,999,999,999,999,LA1_LA2,999,999,999,999
M1012,2,11,1,ENCODING,1742680531185.3586,False,999,999,999,999,LA1_LA2,999,999,999,999
M1012,2,11,2,ENCODING,1742680536293.651,False,999,999,999,999,LA1_LA2,999,999,999,999
M1012,2,11,0,CUEDRECALL,1742680565612.3276,999,False,"['FOX', 'CARD']",['FOX'],['CARD'],LA1_LA2,1469.5464852607709,correct,CARD,41
M1012,2,11,1,CUEDRECALL,1742680574756.8508,999,False,"['PIN', 'SPEAR']",['PIN'],['SPEAR'],LA1_LA2,4304.943310657596,intrusion,OLD,-1
M1012,2,11,2,CUEDRECALL,1742680583743.3647,999,False,"['FARM', 'TROUT']",['FARM'],['TROUT'],LA1_LA2,1469.2290249433106,correct,TROUT,290
M1012,2,11,0,RECOGNITION,1742680595777.0532,False,False,"['CARD', 'FOX']",['CARD'],old,LA1_LA2,1940.11083984375,hit,old,999
M1012,2,11,1,RECOGNITION,1742680602843.4573,999,False,"['PET', '']",['PET'],new,LA1_LA2,3100.17724609375,correct_rejection,new,999
M1012,2,11,2,RECOGNITION,1742680609959.8643,999,False,"['YACHT', '']",['YACHT'],new,LA1_LA2,1441.082275390625,correct_rejection,new,999
M1012,2,11,3,RECOGNITION,1742680617019.268,999,False,"['PARK', '']",['PARK'],new,LA1_LA2,1248.0712890625,correct_rejection,new,999
M1012,2,11,4,RECOGNITION,1742680624067.6714,False,False,"['TROUT', 'FARM']",['TROUT'],old,LA1_LA2,1158.06591796875,hit,old,999
M1012,2,11,5,RECOGNITION,1742680631196.0789,False,False,"['SPEAR', 'PIN']",['SPEAR'],old,LA1_LA2,2237.1279296875,hit,old,999
M1012,3,0,0,ENCODING,1742934934646.9458,True,999,999,999,999,LA1_LA2,999,999,999,999
M1012,3,0,1,ENCODING,1742934939666.2327,True,999,999,999,999,LA1_LA2,999,999,999,999
M1012,3,0,2,ENCODING,1742934944766.5244,True,999,999,999,999,LA1_LA2,999,999,999,999
M1012,3,0,0,CUEDRECALL,1742934974139.2046,999,False,"['GIRL', 'BOX']",['GIRL'],['BOX'],LA1_LA2,1762.199546485261,correct,BOX,27
M1012,3,0,1,CUEDRECALL,1742934983260.726,999,False,"['PRINCE', 'SHARK']",['PRINCE'],['SHARK'],LA1_LA2,5952.244897959184,intrusion,PRINCE,188
M1012,3,0,1,CUEDRECALL,1742934983260.726,999,False,"['PRINCE', 'SHARK']",['PRINCE'],['SHARK'],LA1_LA2,4297.120181405896,verbalization,<>,-1
M1012,3,0,1,CUEDRECALL,1742934983260.726,999,False,"['PRINCE', 'SHARK']",['PRINCE'],['SHARK'],LA1_LA2,3297.120181405896,verbalization,<>,-1
M1012,3,0,2,CUEDRECALL,1742934992314.2441,999,False,"['GIFT', 'SLEEVE']",['GIFT'],['SLEEVE'],LA1_LA2,1237.8231292517007,correct,SLEEVE,226
M1012,3,0,0,RECOGNITION,1742935003921.908,999,False,"['CRANE', '']",['CRANE'],new,LA1_LA2,1971.112548828125,correct_rejection,new,999
M1012,3,0,1,RECOGNITION,1742935011001.3127,999,False,"['BADGE', '']",['BADGE'],new,LA1_LA2,1650.094482421875,correct_rejection,new,999
M1012,3,0,2,RECOGNITION,1742935018050.7158,True,False,"['SHARK', 'PRINCE']",['SHARK'],old,LA1_LA2,1049.060302734375,hit,old,999
M1012,3,0,3,RECOGNITION,1742935025159.1226,999,False,"['GOLD', '']",['GOLD'],new,LA1_LA2,1557.089111328125,correct_rejection,new,999
M1012,3,0,4,RECOGNITION,1742935032209.526,True,False,"['SLEEVE', 'GIFT']",['SLEEVE'],old,LA1_LA2,2330.133056640625,hit,old,999
M1012,3,0,5,RECOGNITION,1742935039363.935,True,False,"['BOX', 'GIRL']",['BOX'],old,LA1_LA2,3000.171630859375,hit,old,999
M1012,3,1,0,ENCODING,1742935057675.9824,False,999,999,999,999,LA1_LA2,999,999,999,999
M1012,3,1,1,ENCODING,1742935062672.2678,False,999,999,999,999,LA1_LA2,999,999,999,999
M1012,3,1,2,ENCODING,1742935067722.5571,False,999,999,999,999,LA1_LA2,999,999,999,999
M1012,3,1,0,CUEDRECALL,1742935097402.2546,999,True,"['SIGN', 'TRENCH']",['SIGN'],['TRENCH'],LA1_LA2,3847.8684807256236,intrusion,BOX,27
M1012,3,1,1,CUEDRECALL,1742935106520.7761,999,True,"['SPHINX', 'TOY']",['SPHINX'],['TOY'],LA1_LA2,8016.485260770975,verbalization,<>,-1
M1012,3,1,2,CUEDRECALL,1742935115541.292,999,True,"['ROPE', 'COD']",['ROPE'],['COD'],LA1_LA2,1105.9183673469388,correct,COD,59
M1012,3,1,0,RECOGNITION,1742935127641.9841,False,True,"['TOY', 'SPHINX']",['TOY'],old,LA1_LA2,1621.092529296875,hit,old,999
M1012,3,1,1,RECOGNITION,1742935134763.3916,999,True,"['PLATE', '']",['PLATE'],new,LA1_LA2,1686.096435546875,correct_rejection,new,999
M1012,3,1,2,RECOGNITION,1742935141793.7937,999,True,"['MUD', '']",['MUD'],new,LA1_LA2,1716.09814453125,correct_rejection,new,999
M1012,3,1,3,RECOGNITION,1742935148901.2,False,True,"['COD', 'ROPE']",['COD'],old,LA1_LA2,1150.06591796875,hit,old,999
M1012,3,1,4,RECOGNITION,1742935155992.6057,False,True,"['TRENCH', 'SIGN']",['TRENCH'],old,LA1_LA2,2228.12744140625,hit,old,999
M1012,3,1,5,RECOGNITION,1742935163064.0103,999,True,"['DOG', '']",['DOG'],new,LA1_LA2,3525.201416015625,correct_rejection,new,999
M1012,3,2,0,ENCODING,1742935181471.063,False,999,999,999,999,LA1_LA2,999,999,999,999
M1012,3,2,1,ENCODING,1742935186450.348,False,999,999,999,999,LA1_LA2,999,999,999,999
M1012,3,2,2,ENCODING,1742935191459.6343,False,999,999,999,999,LA1_LA2,999,999,999,999
M1012,3,2,0,CUEDRECALL,1742935222880.4316,999,False,"['HORN', 'RUG']",['HORN'],['RUG'],LA1_LA2,8008.1179138321995,verbalization,<>,-1
M1012,3,2,1,CUEDRECALL,1742935232000.9531,999,False,"['SLOPE', 'SMILE']",['SLOPE'],['SMILE'],LA1_LA2,1396.7573696145125,correct,SMILE,232
M1012,3,2,2,CUEDRECALL,1742935241034.47,999,False,"['SEA', 'MEAT']",['SEA'],['MEAT'],LA1_LA2,4155.238095238095,verbalization,<>,-1
M1012,3,2,2,CUEDRECALL,1742935241034.47,999,False,"['SEA', 'MEAT']",['SEA'],['MEAT'],LA1_LA2,5155.238095238095,verbalization,<>,-1
M1012,3,2,2,CUEDRECALL,1742935241034.47,999,False,"['SEA', 'MEAT']",['SEA'],['MEAT'],LA1_LA2,5771.111111111111,correct,MEAT,154
M1012,3,2,0,RECOGNITION,1742935253651.1917,False,False,"['SMILE', 'SLOPE']",['SMILE'],old,LA1_LA2,2203.1259765625,hit,old,999
M1012,3,2,1,RECOGNITION,1742935260709.5952,999,False,"['SUIT', '']",['SUIT'],new,LA1_LA2,2936.16796875,correct_rejection,new,999
M1012,3,2,2,RECOGNITION,1742935267804.001,False,False,"['MEAT', 'SEA']",['MEAT'],old,LA1_LA2,1265.072265625,hit,old,999
M1012,3,2,3,RECOGNITION,1742935274888.4062,999,False,"['RICE', '']",['RICE'],new,LA1_LA2,2873.164306640625,correct_rejection,new,999
M1012,3,2,4,RECOGNITION,1742935281937.8096,999,False,"['PAIL', '']",['PAIL'],new,LA1_LA2,2652.151611328125,correct_rejection,new,999
M1012,3,2,5,RECOGNITION,1742935288963.2112,False,False,"['RUG', 'HORN']",['RUG'],old,LA1_LA2,1674.095703125,hit,old,999
M1012,3,3,0,ENCODING,1742935307279.2588,False,999,999,999,999,LA1_LA2,999,999,999,999
M1012,3,3,1,ENCODING,1742935312312.5466,False,999,999,999,999,LA1_LA2,999,999,999,999
M1012,3,3,2,ENCODING,1742935317337.8342,False,999,999,999,999,LA1_LA2,999,999,999,999
M1012,3,3,0,CUEDRECALL,1742935345803.4624,999,False,"['FRUIT', 'EGG']",['FRUIT'],['EGG'],LA1_LA2,1443.5600907029477,correct,EGG,79
M1012,3,3,1,CUEDRECALL,1742935354938.9849,999,False,"['GROUND', 'SEED']",['GROUND'],['SEED'],LA1_LA2,2045.5555555555557,correct,SEED,213
M1012,3,3,2,CUEDRECALL,1742935364021.5044,999,False,"['YARN', 'CHEEK']",['YARN'],['CHEEK'],LA1_LA2,4260.816326530612,intrusion,GROUND,112
M1012,3,3,0,RECOGNITION,1742935376330.2083,999,False,"['TART', '']",['TART'],new,LA1_LA2,1923.110107421875,correct_rejection,new,999
M1012,3,3,1,RECOGNITION,1742935383397.6125,999,False,"['RAIL', '']",['RAIL'],new,LA1_LA2,3356.19189453125,correct_rejection,new,999
M1012,3,3,2,RECOGNITION,1742935390531.0208,False,False,"['SEED', 'GROUND']",['SEED'],old,LA1_LA2,1333.076171875,hit,old,999
M1012,3,3,3,RECOGNITION,1742935397581.4238,999,False,"['POOL', '']",['POOL'],new,LA1_LA2,1189.068115234375,correct_rejection,new,999
M1012,3,3,4,RECOGNITION,1742935404643.828,False,False,"['EGG', 'FRUIT']",['EGG'],old,LA1_LA2,1277.072998046875,hit,old,999
M1012,3,3,5,RECOGNITION,1742935411744.2341,False,False,"['CHEEK', 'YARN']",['CHEEK'],old,LA1_LA2,1259.07177734375,hit,old,999
M1012,3,4,0,ENCODING,1742935429986.277,False,999,999,999,999,LA1_LA2,999,999,999,999
M1012,3,4,1,ENCODING,1742935435013.565,False,999,999,999,999,LA1_LA2,999,999,999,999
M1012,3,4,2,ENCODING,1742935440052.853,False,999,999,999,999,LA1_LA2,999,999,999,999
M1012,3,4,0,CUEDRECALL,1742935468422.4756,999,True,"['LIP', 'PERCH']",['LIP'],['PERCH'],LA1_LA2,1583.3333333333333,correct,PERCH,176
M1012,3,4,1,CUEDRECALL,1742935477460.993,999,True,"['FORT', 'SLUSH']",['FORT'],['SLUSH'],LA1_LA2,2139.2517006802723,correct,SLUSH,231
M1012,3,4,2,CUEDRECALL,1742935486561.5132,999,True,"['SHIP', 'BAND']",['SHIP'],['BAND'],LA1_LA2,2560.1360544217687,correct,BAND,7
M1012,3,4,0,RECOGNITION,1742935498347.1873,999,True,"['STAIR', '']",['STAIR'],new,LA1_LA2,1014.057861328125,correct_rejection,new,999
M1012,3,4,1,RECOGNITION,1742935505440.593,999,True,"['SHELL', '']",['SHELL'],new,LA1_LA2,1803.103271484375,correct_rejection,new,999
M1012,3,4,2,RECOGNITION,1742935512530.9988,False,True,"['SLUSH', 'FORT']",['SLUSH'],old,LA1_LA2,2430.138671875,hit,old,999
M1012,3,4,3,RECOGNITION,1742935519628.4043,999,True,"['DART', '']",['DART'],new,LA1_LA2,2903.166259765625,miss,old,999
M1012,3,4,4,RECOGNITION,1742935526740.811,False,True,"['PERCH', 'LIP']",['PERCH'],old,LA1_LA2,1937.111083984375,hit,old,999
M1012,3,4,5,RECOGNITION,1742935533744.212,False,True,"['BAND', 'SHIP']",['BAND'],old,LA1_LA2,1876.107177734375,hit,old,999
M1012,3,5,0,ENCODING,1742935552394.2786,True,999,999,999,999,LA1_LA2,999,999,999,999
M1012,3,5,1,ENCODING,1742935557490.57,True,999,999,999,999,LA1_LA2,999,999,999,999
M1012,3,5,2,ENCODING,1742935562449.854,True,999,999,999,999,LA1_LA2,999,999,999,999
M1012,3,5,0,CUEDRECALL,1742935590644.4663,999,False,"['EEL', 'SKATE']",['EEL'],['SKATE'],LA1_LA2,7012.766439909297,verbalization,<>,-1
M1012,3,5,0,CUEDRECALL,1742935590644.4663,999,False,"['EEL', 'SKATE']",['EEL'],['SKATE'],LA1_LA2,6012.766439909297,verbalization,<>,-1
M1012,3,5,0,CUEDRECALL,1742935590644.4663,999,False,"['EEL', 'SKATE']",['EEL'],['SKATE'],LA1_LA2,1826.1451247165535,correct,SKATE,222
M1012,3,5,1,CUEDRECALL,1742935599693.9841,999,False,"['THIEF', 'CRIB']",['THIEF'],['CRIB'],LA1_LA2,1719.4331065759638,correct,CRIB,65
M1012,3,5,2,CUEDRECALL,1742935608785.5042,999,False,"['COOK', 'PLANT']",['COOK'],['PLANT'],LA1_LA2,8016.462585034013,verbalization,<>,-1
M1012,3,5,0,RECOGNITION,1742935620961.2004,999,False,"['CART', '']",['CART'],new,LA1_LA2,1437.08203125,correct_rejection,new,999
M1012,3,5,1,RECOGNITION,1742935627993.6028,999,False,"['CROWN', '']",['CROWN'],new,LA1_LA2,1447.082763671875,miss,old,999
M1012,3,5,2,RECOGNITION,1742935635077.0078,True,False,"['SKATE', 'EEL']",['SKATE'],old,LA1_LA2,1142.0654296875,hit,old,999
M1012,3,5,3,RECOGNITION,1742935642152.4124,True,False,"['CRIB', 'THIEF']",['CRIB'],old,LA1_LA2,1458.083740234375,hit,old,999
M1012,3,5,4,RECOGNITION,1742935649210.8162,999,False,"['WOLF', '']",['WOLF'],new,LA1_LA2,1432.08203125,correct_rejection,new,999
M1012,3,5,5,RECOGNITION,1742935656277.2205,True,False,"['PLANT', 'COOK']",['PLANT'],old,LA1_LA2,4119.235595703125,hit,old,999
M1012,3,6,0,ENCODING,1742935674581.267,True,999,999,999,999,LA1_LA2,999,999,999,999
M1012,3,6,1,ENCODING,1742935679619.5557,True,999,999,999,999,LA1_LA2,999,999,999,999
M1012,3,6,2,ENCODING,1742935684610.841,True,999,999,999,999,LA1_LA2,999,999,999,999
M1012,3,6,0,CUEDRECALL,1742935712793.4526,999,False,"['SOCK', 'QUAIL']",['SOCK'],['QUAIL'],LA1_LA2,8016.575963718822,verbalization,<>,-1
M1012,3,6,1,CUEDRECALL,1742935721893.9734,999,False,"['VEST', 'NEST']",['VEST'],['NEST'],LA1_LA2,1144.4897959183672,correct,NEST,165
M1012,3,6,2,CUEDRECALL,1742935730948.4912,999,False,"['SINK', 'PASTE']",['SINK'],['PASTE'],LA1_LA2,8011.56462585034,verbalization,<>,-1
M1012,3,6,0,RECOGNITION,1742935743993.2375,True,False,"['PASTE', 'SINK']",['PASTE'],old,LA1_LA2,4553.260498046875,hit,old,999
M1012,3,6,1,RECOGNITION,1742935751010.6387,999,False,"['CANE', '']",['CANE'],new,LA1_LA2,4548.26025390625,correct_rejection,new,999
M1012,3,6,2,RECOGNITION,1742935758152.047,True,False,"['QUAIL', 'SOCK']",['QUAIL'],old,LA1_LA2,3398.194580078125,hit,old,999
M1012,3,6,3,RECOGNITION,1742935765242.453,999,False,"['FLAG', '']",['FLAG'],new,LA1_LA2,1557.089111328125,correct_rejection,new,999
M1012,3,6,4,RECOGNITION,1742935772276.8552,999,False,"['STEAK', '']",['STEAK'],new,LA1_LA2,965.05517578125,miss,old,999
M1012,3,6,5,RECOGNITION,1742935779310.2576,True,False,"['NEST', 'VEST']",['NEST'],old,LA1_LA2,1466.083740234375,hit,old,999
M1012,3,7,0,ENCODING,1742935802419.5793,False,999,999,999,999,LA1_LA2,999,999,999,999
M1012,3,7,1,ENCODING,1742935807430.866,False,999,999,999,999,LA1_LA2,999,999,999,999
M1012,3,7,2,ENCODING,1742935812384.1494,False,999,999,999,999,LA1_LA2,999,999,999,999
M1012,3,7,0,CUEDRECALL,1742935839792.7168,999,True,"['WOOD', 'PURSE']",['WOOD'],['PURSE'],LA1_LA2,8016.575963718822,verbalization,<>,-1
M1012,3,7,1,CUEDRECALL,1742935848802.2322,999,True,"['SALT', 'KITE']",['SALT'],['KITE'],LA1_LA2,1776.8027210884354,correct,KITE,136
M1012,3,7,2,CUEDRECALL,1742935857972.7568,999,True,"['MOLE', 'ARK']",['MOLE'],['ARK'],LA1_LA2,2952.2902494331065,intrusion,SOUL,-1
M1012,3,7,0,RECOGNITION,1742935887709.4575,999,True,"['VINE', '']",['VINE'],new,LA1_LA2,4232.241943359375,correct_rejection,new,999
M1012,3,7,1,RECOGNITION,1742935894775.8616,999,True,"['SQUARE', '']",['SQUARE'],new,LA1_LA2,2242.128662109375,correct_rejection,new,999
M1012,3,7,2,RECOGNITION,1742935901884.2683,False,True,"['KITE', 'SALT']",['KITE'],old,LA1_LA2,2257.129150390625,hit,old,999
M1012,3,7,3,RECOGNITION,1742935908925.6711,False,True,"['ARK', 'MOLE']",['ARK'],old,LA1_LA2,1916.109619140625,hit,old,999
M1012,3,7,4,RECOGNITION,1742935915959.0732,999,True,"['STAR', '']",['STAR'],new,LA1_LA2,1433.08203125,correct_rejection,new,999
M1012,3,7,5,RECOGNITION,1742935923075.4805,False,True,"['PURSE', 'WOOD']",['PURSE'],old,LA1_LA2,2346.13427734375,false_alarm,new,999
M1012,3,8,0,ENCODING,1742935941824.5527,False,999,999,999,999,LA1_LA2,999,999,999,999
M1012,3,8,1,ENCODING,1742935946899.843,False,999,999,999,999,LA1_LA2,999,999,999,999
M1012,3,8,2,ENCODING,1742935951916.1301,False,999,999,999,999,LA1_LA2,999,999,999,999
M1012,3,8,0,CUEDRECALL,1742935980350.7563,999,False,"['BOWL', 'OAR']",['BOWL'],['OAR'],LA1_LA2,3534.852607709751,intrusion,HOOK,122
M1012,3,8,1,CUEDRECALL,1742935989471.2778,999,False,"['TANK', 'HOOK']",['TANK'],['HOOK'],LA1_LA2,2041.6099773242631,intrusion,HOOF,121
M1012,3,8,2,CUEDRECALL,1742935998570.7983,999,False,"['PORK', 'HOOF']",['PORK'],['HOOF'],LA1_LA2,2123.537414965986,verbalization,<>,-1
M1012,3,8,2,CUEDRECALL,1742935998570.7983,999,False,"['PORK', 'HOOF']",['PORK'],['HOOF'],LA1_LA2,8017.074829931973,verbalization,<>,-1
M1012,3,8,2,CUEDRECALL,1742935998570.7983,999,False,"['PORK', 'HOOF']",['PORK'],['HOOF'],LA1_LA2,2740.4761904761904,correct,HOOF,121
M1012,3,8,0,RECOGNITION,1742936010232.4656,999,False,"['SCARF', '']",['SCARF'],new,LA1_LA2,1467.083740234375,correct_rejection,new,999
M1012,3,8,1,RECOGNITION,1742936017283.869,999,False,"['YARD', '']",['YARD'],new,LA1_LA2,3732.21337890625,miss,old,999
M1012,3,8,2,RECOGNITION,1742936024441.2783,False,False,"['HOOF', 'PORK']",['HOOF'],old,LA1_LA2,1100.06298828125,hit,old,999
M1012,3,8,3,RECOGNITION,1742936031440.6785,False,False,"['OAR', 'BOWL']",['OAR'],old,LA1_LA2,1925.1103515625,hit,old,999
M1012,3,8,4,RECOGNITION,1742936038521.0835,999,False,"['SKY', '']",['SKY'],new,LA1_LA2,1270.072509765625,correct_rejection,new,999
M1012,3,8,5,RECOGNITION,1742936045691.4934,False,False,"['HOOK', 'TANK']",['HOOK'],old,LA1_LA2,899.051513671875,hit,old,999
M1012,3,9,0,ENCODING,1742936064767.5847,True,999,999,999,999,LA1_LA2,999,999,999,999
M1012,3,9,1,ENCODING,1742936069840.875,True,999,999,999,999,LA1_LA2,999,999,999,999
M1012,3,9,2,ENCODING,1742936074819.1594,True,999,999,999,999,LA1_LA2,999,999,999,999
M1012,3,9,0,CUEDRECALL,1742936102265.7297,999,False,"['LUNCH', 'HAZE']",['LUNCH'],['HAZE'],LA1_LA2,8016.71201814059,verbalization,<>,-1
M1012,3,9,1,CUEDRECALL,1742936111358.2498,999,False,"['TOAD', 'BLOOM']",['TOAD'],['BLOOM'],LA1_LA2,8016.575963718822,verbalization,<>,-1
M1012,3,9,2,CUEDRECALL,1742936120490.772,999,False,"['FROG', 'CUBE']",['FROG'],['CUBE'],LA1_LA2,8016.575963718822,verbalization,<>,-1
M1012,3,9,0,RECOGNITION,1742936132291.4468,True,False,"['CUBE', 'FROG']",['CUBE'],old,LA1_LA2,1732.09912109375,hit,old,999
M1012,3,9,1,RECOGNITION,1742936139299.8477,999,False,"['LAWN', '']",['LAWN'],new,LA1_LA2,1182.067626953125,correct_rejection,new,999
M1012,3,9,2,RECOGNITION,1742936146460.2573,999,False,"['ROAD', '']",['ROAD'],new,LA1_LA2,2897.165771484375,miss,old,999
M1012,3,9,3,RECOGNITION,1742936153480.6587,True,False,"['BLOOM', 'TOAD']",['BLOOM'],old,LA1_LA2,1635.09375,false_alarm,new,999
M1012,3,9,4,RECOGNITION,1742936160581.0647,True,False,"['HAZE', 'LUNCH']",['HAZE'],old,LA1_LA2,2368.1357421875,hit,old,999
M1012,3,9,5,RECOGNITION,1742936167623.4678,999,False,"['SWORD', '']",['SWORD'],new,LA1_LA2,1368.078125,correct_rejection,new,999
M1012,3,10,0,ENCODING,1742936186625.5544,False,999,999,999,999,LA1_LA2,999,999,999,999
M1012,3,10,1,ENCODING,1742936191560.837,False,999,999,999,999,LA1_LA2,999,999,999,999
M1012,3,10,2,ENCODING,1742936196572.1235,False,999,999,999,999,LA1_LA2,999,999,999,999
M1012,3,10,0,CUEDRECALL,1742936225431.7742,999,False,"['CHIEF', 'CAT']",['CHIEF'],['CAT'],LA1_LA2,1555.1473922902494,correct,CAT,44
M1012,3,10,1,CUEDRECALL,1742936234491.2925,999,False,"['FLEET', 'CONE']",['FLEET'],['CONE'],LA1_LA2,2118.8662131519272,correct,CONE,61
M1012,3,10,2,CUEDRECALL,1742936243600.8135,999,False,"['BAR', 'MOON']",['BAR'],['MOON'],LA1_LA2,1500.8616780045352,correct,MOON,156
M1012,3,10,0,RECOGNITION,1742936256173.5325,False,False,"['MOON', 'BAR']",['MOON'],old,LA1_LA2,1832.104736328125,hit,old,999
M1012,3,10,1,RECOGNITION,1742936263249.9373,999,False,"['OX', '']",['OX'],new,LA1_LA2,1631.093017578125,correct_rejection,new,999
M1012,3,10,2,RECOGNITION,1742936270339.3428,999,False,"['LOCK', '']",['LOCK'],new,LA1_LA2,907.0517578125,miss,old,999
M1012,3,10,3,RECOGNITION,1742936277441.749,False,False,"['CAT', 'CHIEF']",['CAT'],old,LA1_LA2,1412.08056640625,hit,old,999
M1012,3,10,4,RECOGNITION,1742936284511.1533,False,False,"['CONE', 'FLEET']",['CONE'],old,LA1_LA2,1090.062255859375,hit,old,999
M1012,3,10,5,RECOGNITION,1742936291611.5593,999,False,"['SPOUSE', '']",['SPOUSE'],new,LA1_LA2,1117.063720703125,correct_rejection,new,999
M1012,3,11,0,ENCODING,1742936309827.601,False,999,999,999,999,LA1_LA2,999,999,999,999
M1012,3,11,1,ENCODING,1742936314764.8835,False,999,999,999,999,LA1_LA2,999,999,999,999
M1012,3,11,2,ENCODING,1742936319823.173,False,999,999,999,999,LA1_LA2,999,999,999,999
M1012,3,11,0,CUEDRECALL,1742936348981.8408,999,True,"['RIB', 'SOAP']",['RIB'],['SOAP'],LA1_LA2,1652.7437641723357,correct,SOAP,238
M1012,3,11,1,CUEDRECALL,1742936358088.3616,999,True,"['MAT', 'STICK']",['MAT'],['STICK'],LA1_LA2,8016.575963718822,verbalization,<>,-1
M1012,3,11,2,CUEDRECALL,1742936367197.8828,999,True,"['YOLK', 'DEER']",['YOLK'],['DEER'],LA1_LA2,1996.6213151927439,correct,DEER,71
M1012,3,11,0,RECOGNITION,1742936380056.6182,False,True,"['SOAP', 'RIB']",['SOAP'],old,LA1_LA2,1487.085205078125,hit,old,999
M1012,3,11,1,RECOGNITION,1742936387172.0251,999,True,"['SKI', '']",['SKI'],new,LA1_LA2,1430.081787109375,correct_rejection,new,999
M1012,3,11,2,RECOGNITION,1742936394220.4285,False,True,"['STICK', 'MAT']",['STICK'],old,LA1_LA2,2441.139404296875,hit,old,999
M1012,3,11,3,RECOGNITION,1742936401338.8357,999,True,"['SHEET', '']",['SHEET'],new,LA1_LA2,1617.09228515625,correct_rejection,new,999
M1012,3,11,4,RECOGNITION,1742936408396.2393,999,True,"['SWAMP', '']",['SWAMP'],new,LA1_LA2,1551.088623046875,miss,old,999
M1012,3,11,5,RECOGNITION,1742936415444.6423,False,True,"['DEER', 'YOLK']",['DEER'],old,LA1_LA2,1702.09716796875,hit,old,999
